10000138	COOLING DEVICE OF ONBOARD SECONDARY BATTERY. A cooling device of an onboard secondary battery, includes a housing that is provided in a vehicle, and houses a battery pack including a secondary battery and a case that covers the secondary battery, a blower that blows an air at an outside of the vehicle into the housing, a temperature determiner that determines whether or not an air temperature of the outside of the vehicle is lower than a temperature of the secondary battery, and a blow controller that drives the blower, when the temperature determiner determines that the air temperature of the outside of the vehicle is lower than the temperature of the secondary battery.
10002326	Compilation of Finite Automata Based on Memory Hierarchy. At least one per-pattern non-deterministic finite automaton (NFA) may be generated for a single regular expression pattern and may include a respective set of nodes. Nodes of the respective set of nodes of each per-pattern NFA generated may be distributed for storing in a plurality of memories based on hierarchical levels mapped to the plurality of memories and per-pattern NFA storage allocation settings configured for the hierarchical levels, optimizing run time performance for matching regular expression patterns in an input stream.
10008710	OVERCHARGE PROTECTION ASSEMBLY FOR A BATTERY MODULE. The present disclosure includes a lithium-ion battery module that has a housing and a plurality of lithium-ion battery cells disposed in the housing. Each of the plurality of lithium-ion battery cells includes a first terminal with a first polarity, a second terminal with a second polarity opposite to the first polarity, an overcharge protection assembly, and a casing electrically coupled to the first terminal such that the casing has the first polarity, where the casing has an electrically conductive material. The lithium-ion battery module also includes a vent of the overcharge protection assembly electrically coupled to the casing and a conductive component of the overcharge protection assembly electrically coupled to the second terminal, and the vent is configured to contact the conductive component to cause a short circuit and to vent a gas from the casing into the housing when a pressure in the casing reaches a threshold value.
10020508	COMPOSITE MATERIAL AS ELECTRODE FOR SODIUM ION BATTERIES, PRODUCTION METHOD THEREFOR, AND ALL-SOLID-STATE SODIUM BATTERY. A composite material as an electrode for a sodium ion secondary battery includes an active material crystal, a sodium-ion conductive crystal, and an amorphous phase. The active material crystal may contain Na, M (where M represents at least one kind of transition metal element selected from Cr, Fe, Mn, Co, and Ni), P, and O.
10024927	CONNECTOR FOR MONITORING THE VOLTAGE OF A FUEL CELL STACK. A cell monitor connector is provided that can prevent detachment of the cell monitor connector from a fuel cell device with a simple configuration. A connector 4 for measuring voltage has a housing 41 with a plurality of slits 45 formed therein and an end of a separator 21 of a plurality of fuel cells 2 can be inserted into the slits 45. The housing 41 has a rib 46R at at least one end in the stacking direction of the fuel cells 2 such that the rib 46R projects in a direction perpendicular to the stacking direction.
10033029	Battery with Increased Energy Density and Method of Manufacturing the Same. A battery core includes an anode electrode collector and a cathode current collector. The battery core is created by defining an anode solution cavity on an anode electrode collector; defining a cathode solution cavity on a cathode electrode collector; depositing an anode solution into the anode solution cavity; depositing a cathode solution into the cathode solution cavity; curing the anode solution within the anode solution cavity; and curing the cathode solution within the cathode solution cavity. The anode electrode collector and the cathode current collector may be combined in a sandwich configuration and may be separated by one or more separators.
10033212	BATTERY CELL WITH DISCRETION TO DRIVE LOADS WITHIN BATTERY STACK. Embodiments of the present invention are directed to improved battery packaging designs. The battery pack design may include a battery cell, a plurality of transistors, and a controller. The transistors may be coupled to the terminals of the battery cell in an H-bridge configuration. The controller may control the transistors to bypass the battery cell based on the current flowing between the output terminals of the battery pack. In such a manner, the controller may prevent damage to the battery cell and improve the overall safety of the battery pack in hazardous conditions. Moreover, the design may allow for more efficient charging/discharging of the cells that are most ready to accept/supply current.
10044751	USING RECURRENT NEURAL NETWORKS TO DEFEAT DNS DENIAL OF SERVICE ATTACKS. A system for mitigating network attacks is provided. The system includes a protected network including a plurality of devices. The system further includes one or more attack mitigation devices communicatively coupled to the protected network. The attack mitigation devices are configured and operable to employ a recurrent neural network (RNN) to obtain probability information related to a request stream. The request stream may include a plurality of at least one of: HTTP, RTSP and/or DNS messages. The attack mitigation devices are further configured to analyze the obtained probability information to detect one or more atypical requests in the request stream. The attack mitigation services are also configured and operable to perform, in response to detecting one or more atypical requests, mitigation actions on the one or more atypical requests in order to block an attack.
10049307	VISUAL OBJECT RECOGNITION. Technical solutions are described for training an object-recognition neural network that identifies an object in a computer-readable image. An example method includes assigning a first neural network for determining a visual alignment model of the images for determining a normalized alignment of the object. The method further includes assigning a second neural network for determining a visual representation model of the images for recognizing the object. The method further includes determining the visual alignment model by training the first neural network and determining the visual representation model by training the second neural network independent of the first. The method further includes determining a combined object recognition model by training a combination of the first neural network and the second neural network. The method further includes recognizing the object in the image based on the combined object recognition model by passing the image through each of the neural networks.
10050282	Oxygen Reduction Catalyst And Production Method Therefor. The present invention provides a novel oxygen reduction catalyst having a good stability and a high oxygen reduction performance. The oxygen reduction catalyst includes: a conductive oxide; and an oxide(s), having oxygen holes and provided at least on the surface of the conductive oxide, of at least one or more transition metals selected from the group consisting of Ti, Zr, Nb and Ta.
10062873	SECONDARY BATTERY AND BATTERY PACK USING THE SAME. An insertion portion of a negative electrode terminal is inserted into through-holes provided in an outer insulating member, a sealing plate, an inner insulating member, and a terminal connection portion of a negative electrode collector, and the insertion portion is crimped. A countersunk hole is provided around the through-hole of the terminal connection portion. The insertion portion of the negative electrode terminal is radially expanded in the countersunk hole. A distal end of a thin portion provided at a distal end of the crimped part of the insertion portion and the edge of the countersunk hole are welded by application of a high energy beam, and a groove is provided on the outer peripheral side of the countersunk hole.
10062975	BATTERY CONNECTOR. A connector assembly for electrically connecting poles of two adjacent battery cell. The connector assembly comprises an electrically conductive bus bar having a first connection area and a second connection area distal from each other, electrically conductive pole-mating components having a pole-mating face and a bar-mating face, and fastening components for attaching the electrically conductive bus bar and one of the pole-mating components to one of the poles of the two adjacent battery cells. The pole-mating faces of the pole-mating components are adapted for mating the poles the battery cells. The bar-mating faces of the pole-mating components are adapted for mating with the connection areas. The bar-mating faces and the connection areas have complementary concave/convex arched shape for optimizing contact surface over a range of relative positioning of the two adjacent battery cells.
10069135	POLYMERS FOR USE AS PROTECTIVE LAYERS AND OTHER COMPONENTS IN ELECTROCHEMICAL CELLS. Electrode structures and electrochemical cells are provided. The electrode structures and/or electrochemical cells described herein may include one or more protective layers comprising a polymer layer and/or a gel polymer electrolyte layer. The polymer layer may be formed from the copolymerization of an olefinic monomer comprising at least one electron withdrawing group and an olefinic comonomer comprising at least one electron donating group. Methods for forming polymer layers are also provided.
10083399	Travel-Related Cognitive Profiles. A method, system and computer-usable medium for performing cognitive computing operations comprising receiving streams of data from a plurality of data sources; processing the streams of data from the plurality of data sources, the processing the streams of data from the plurality of data sources performing data enriching for incorporation into a cognitive graph; defining a travel-related cognitive persona within the cognitive graph, the travel-related cognitive persona corresponding to an archetype user model, the travel-related cognitive persona comprising a set of nodes in the cognitive graph; associating a user with the travel-related cognitive persona; defining a travel-related cognitive profile within the cognitive graph, the travel-related cognitive profile comprising an instance of the travel-related cognitive persona that references personal data associated with the user; associating the user with the travel-related cognitive profile; and, performing a cognitive computing operation based upon the travel-related cognitive profile associated with the user.
10084165	DETACHABLE STRUCTURE OF BATTERY TO BE ATTACHED TO CASE, AND ELECTRONIC DEVICE. A detachable structure of a battery to be attached to a case includes a wrapping of the battery and a housing of the case. The wrapping wraps the battery and comprises a slit. The housing houses the battery wrapped in the wrapping. The housing is bonded to the wrapping in a part of area.
10084185	CATHODE FOR ALL SOLID-STATE LITHIUM SULFUR BATTERY. A cathode for an all solid-state lithium sulfur battery includes a porous conductive material, which is manufactured from a precursor containing sulfur, and contains the sulfur in a backbone and a sulfur active material, which is injected into pores of the porous conductive material.
10084204	ELECTROLYTE SOLUTION AND SULFUR-BASED OR SELENIUM-BASED BATTERIES INCLUDING THE ELECTROLYTE SOLUTION. An example of an electrolyte solution includes a solvent, a lithium salt, a fluorinated ether, and an additive. The additive is selected from the group consisting of RSxR′, wherein x ranges from 3 to 18, and R—(SnSem)—R, wherein 2<n<8 and 2<m<8. R and R′ are each independently selected from a straight alkyl group having from 1 carbon to 6 carbons or branched alkyl group having from 1 carbon to 6 carbons. The electrolyte solution may be suitable for use in a sulfur-based battery or a selenium-based battery.
10093183	ELECTRIC VEHICLE. In order to limit entry of a fuel cell stack into a passenger compartment by a simple structure, the fuel cell stack is accommodated in an accommodating compartment formed at a rear of a passenger compartment. A force receiving member is arranged forward with respect to the fuel cell stack and below the fuel cell stack so that rearward force acts on the force receiving member at the time of vehicle collision. When the rearward force acting on the force receiving member due to vehicle collision is larger than a predetermined upper limit value, the rearward force is converted into upward force, and the upward force is transmitted to a forward bottom surface of the fuel cell stack, whereby a forward end part of the fuel cell stack is lifted up with respect to a rearward end part of the fuel cell stack upon vehicle collision.
10116152	BATTERY CARTRIDGE, BATTERY CARRIER MODULE, AND BATTERY CHARGING SYSTEM. A battery cartridge, a battery carrier module, and a battery charging system are provided. The battery cartridge includes a carrier case and a dismantable assembly. The battery cartridge has an accommodating space for accommodating a rechargeable battery. The accommodating space has a maximum width and a maximum depth, the rechargeable battery has a predetermined width and a predetermined depth. The dismantable assembly is disposed in the accommodating space of the carrier case. The dismantable assembly includes a width adjustment part and a depth adjustment part. The maximum width and the maximum depth of the accommodating space are respectively greater than the predetermined width and the predetermined depth of the rechargeable battery, and one of the width adjustment part and the depth adjustment part is disposed between the carrier case and the rechargeable battery so as to maintain the relative position between the rechargeable battery and the carrier case.
10118502	TEMPERATURE CONDITIONING UNIT, TEMPERATURE CONDITIONING SYSTEM, AND VEHICLE PROVIDED WITH TEMPERATURE CONDITIONING UNIT. Temperature conditioning unit according to the present invention includes: impeller, electric motor, fan case, and housing. Impeller includes impeller disk and a plurality of rotor blades. The plurality of rotor blades extends in a direction along rotary shaft. Each of the plurality of rotor blades has a cross-sectional circular-arc shape, in a direction intersecting rotary shaft, which is a convex form curving outward toward a direction of rotation of impeller disk. Each of the plurality of rotor blades includes an inner-periphery-side edge located on the rotary shaft side, and an outer-periphery-side edge located on the opposite rotary-shaft side. Housing includes external surface on which fan case is mounted. In the inside of housing, a member to be temperature conditioned is accommodated.
10122044	SEMI-SOLID ELECTRODES WITH GEL POLYMER ADDITIVE. Embodiments described herein relate generally to electrochemical cells having semi-solid electrodes that include a gel polymer additive such that the electrodes demonstrate longer cycle life while significantly retaining the electronic performance of the electrodes and the electrochemical cells formed therefrom. In some embodiments, a semi-solid electrode can include about 20% to about 75% by volume of an active material, about 0.5% to about 25% by volume of a conductive material, and about 20% to about 70% by volume of an electrolyte. The electrolyte further includes about 0.01% to about 1.5% by weight of a polymer additive. In some embodiments, the electrolyte can include about 0.1% to about 0.7% of the polymer additive.
10128511	CATHODE FOR METAL-AIR BATTERY, METHOD OF MANUFACTURING THE SAME, AND METAL-AIR BATTERY COMPRISING THE SAME. The present invention relates to a cathode for a metal-air battery, a method for manufacturing the same, and a metal-air battery including the same. The cathode comprises a needle-shaped core including two or more species of metals selected from the group consisting of nickel, cobalt, manganese, zinc, iron, copper, and chrome, or a cobalt oxide; and a flake-shaped shell including an oxide containing two or more species of metals selected from the group consisting of nickel, cobalt, manganese, zinc, iron, copper, and chrome or a cobalt oxide. As such, the core-shell structure may lead to a reduction in the charge voltage of the metal-air battery as well as the taking of the good capacity characteristics of the transition metal oxide. Further, according to the present invention, the cathode for a metal-air battery may be produced without adding carbon or binder.
10128516	FUEL CELL SYSTEM. A control device for fuel cell includes, comprising a compressor configured to supply cathode gas to a fuel cell, a driving device including at least two compressor driving sources including a drive motor and a driving body using a power source other than the drive motor, the driving device configured to drive the compressor by the driving sources; and a control unit. The control unit configured to control a state of the power source on the basis of an operating state of the fuel cell, and the control unit selects the driving source to be used out of the compressor driving sources on the basis of the state of the power source.
10128666	BATTERY MODULE. A battery module including: a plurality of battery packs each having a plurality of battery banks; a first wire that connects the plurality of battery packs in parallel; and a second wire that connects battery banks of the different battery packs in parallel. A natural balancing operation may be implemented without a complicated circuit configuration.
10135051	BATTERY COMPONENTS COMPRISING FIBERS. Battery components are generally provided. In some embodiments, the battery components can be used as pasting paper and/or capacitance layers for batteries, such as lead acid batteries. The battery components described herein may comprise a plurality of fibers. The battery component may include, in some embodiments, a plurality of fibers and, optionally, one or more additives such as conductive carbon and/or activated carbon. In certain embodiments, the plurality of fibers include relatively coarse glass fibers (e.g., having an average diameter of greater than or equal to 2 microns), relatively fine glass fibers (e.g., having an average diameter of less than 2 microns), and/or fibrillated fibers. In some instances, such fibers may be present in amounts such that the battery component has a particular surface area, mean pore size, and/or dry tensile strength.
10141564	LITHIUM TITANATE STRUCTURES FOR LITHIUM ION BATTERIES FORMED USING ELEMENT SELECTIVE SPUTTERING. A method is provided in which a lithium titanate precursor structure is subjected to element selective sputtering to form a lithium titanate structure including a lithium titanate core and a conformal layer on the lithium titanate core, wherein the conformal layer includes titanium oxide. A method of preparing an electrode for a lithium ion battery, wherein the electrode includes lithium titanate structures, is also provided.
10141569	BATTERY LIFE BY CONTROLLING THE VOLTAGE WINDOW OF THE NEGATIVE ELECTRODE. In an example of a method for improving a life cycle of a battery containing a lithium-silicon negative electrode, the battery is provided. The battery includes a positive electrode; the lithium-silicon negative electrode, which has at least 10% of its capacity attributed to a silicon-based active material; a separator positioned between the positive and negative electrodes; and an electrolyte. The battery is operated within a voltage potential window ranging from about 0.7 V and about 0.07 V versus a lithium reference electrode.
10153476	ELECTRODE TAB PAD PLATE. The present application relates to an electrode tab pad plate, the electrode tab pad plate is of a fork shape, including a joint part and two first fork feet, the two first fork feet are arranged in parallel, and a first gap is provided between the two first fork feet, both the first fork feet are connected with the joint part. The electrode tab pad plate provided by the present application, through gathering the electrode tabs at inner sides of the electrode tab pad plate, so that the electrode tabs are gathered toward the direction away from the battery housing, so as to guarantee the safety performance of the Li-ion battery, since the space occupied by the electrode tab pad plate is small, which facilitates the improvement of the cell capacity, thereby improving the performance of the battery.
10153651	SYSTEMS AND METHODS FOR SERIES BATTERY CHARGING. Systems and methods for charging and discharging a plurality of batteries are described herein. In some embodiments, a system includes a battery module, an energy storage system electrically coupled to the battery module, a power source, and a controller. The energy storage system is operable in a first operating state in which energy is transferred from the energy storage system to the battery module to charge the battery module, and a second operating state in which energy is transferred from the battery module to the energy storage system to discharge the battery module. The power source electrically coupled to the energy storage system and is configured to transfer energy from the power source to the energy storage system based on an amount of stored energy in the energy storage system. The controller is operably coupled to the battery module and is configured to monitor and control a charging state of the battery module.
10158148	DYNAMICALLY CHANGING INTERNAL STATE OF A BATTERY. Techniques for dynamically changing internal state of a battery are described herein. Generally, different battery configurations are described that enable transitions between different battery power states, such as to accommodate different battery charge and/or discharge scenarios.
10160344	MODULAR BATTERY ASSEMBLY. A modular battery assembly includes at least a first battery pack and a second battery pack. Each battery pack includes a container at least partially enclosing a first plurality of electrical storage devices, an attachment mechanism configured to removably attach the first container to a chassis of a vehicle, a mechanical connector, and an electrical connector configured to connect the plurality of electrical storage devices to a control section of the vehicle. The battery pack containers are configured to be removably attached to each other by connection of the mechanical connectors.
10164245	HIGH PERFORMANCE SILICON ELECTRODES HAVING IMPROVED INTERFACIAL ADHESION BETWEEN BINDER, SILICON AND CONDUCTIVE PARTICLES. Methods for making a negative electrode material for use in an electrochemical cell, like a lithium ion battery, are provided. The electroactive material includes a functionalized surface having a grafted reactive group (e.g., an amino group, a carboxyl group, an anhydride group, and the like). The electrically conductive material includes a functionalized surface having a grafted reactive group (e.g., an amino group, a carboxyl group, and the like). The functionalized electroactive material and the functionalized electrically conductive material is admixed and reacted with at least one binder precursor having a reactive group (e.g., an amino group, an anhydride group, and the like). A porous solid electrode material is thus formed. Negative electrodes are also provided, which provide significant performance benefits and reduce the issues associated with capacity fade, diminished electrochemical cell performance, cracking, and short lifespan associated with conventional silicon anode materials.
10170811	THERMOELECTRIC-BASED THERMAL MANAGEMENT OF ELECTRICAL DEVICES. Disclosed embodiments include thermoelectric-based thermal management systems and methods configured to heat and/or cool an electrical device. Thermal management systems can include at least one electrical conductor in electrical and thermal communication with a temperature-sensitive region of the electrical device and at least one thermoelectric device in thermal communication with the at least one electrical conductor. Electric power can be directed to the thermoelectric device by the same electrical conductor or an external power supply, causing the thermoelectric device to provide controlled heating and/or cooling to the electrical device via the at least one electrical conductor.
10181587	SINGLE POUCH BATTERY CELLS AND METHODS OF MANUFACTURE. Apparatus, systems, and methods described herein relate to the manufacture and use of single pouch battery cells. In some embodiments, an electrochemical cell includes a first current collector coupled to a first portion of a pouch, the first current collector having a first electrode material disposed thereon, a second current collector coupled to a second portion of the pouch, the second current collector having a second electrode material disposed thereon, and a separator disposed between the first electrode material and the second electrode material. The first portion of the pouch is coupled to the second portion of the pouch to enclose the electrochemical cell.
10199643	NEGATIVE ELECTRODE FOR LITHIUM-BASED BATTERIES. A negative electrode includes an active material. The active material includes a silicon-based core and a two-dimensional, layered mesoporous carbon coating in continuous contact with the silicon-based core. The two-dimensional, layered mesoporous carbon coating is capable of expanding and contracting with the silicon-based core. The negative electrode also includes a binder.
10199838	BATTERY MODULE HAVING HOLDER. An exemplary embodiment of the present invention provides a battery module including a plurality of rechargeable batteries, a holder defining a plurality of storage spaces for holding the rechargeable batteries in a stacked configuration, a housing for enclosing the holder, and including a first cover and a second cover that face each other and press the holder, and a protective circuit module in the housing and configured to control charging and discharging operations of the rechargeable batteries.
10211452	LITHIUM ION BATTERY COMPONENTS. A lithium ion battery component includes a support selected from the group consisting of a current collector, a negative electrode, and a porous polymer separator. A lithium donor is present i) as an additive with a non-lithium active material in a negative electrode on the current collector, or ii) as a coating on at least a portion of the negative electrode, or iii) as a coating on at least a portion of the porous polymer separator. The lithium donor has a formula selected from the group consisting of Li8-yMyP4, wherein M is Fe, V, or Mn and wherein y ranges from 1 to 4; Li10-yTiyP4, wherein y ranges from 1 to 2; LixP, wherein 0<x≦3; and Li2CuP.
10223649	SYSTEM AND METHOD OF MULTI-OBJECTIVE OPTIMIZATION FOR TRANSPORTATION ARRANGEMENT. A technology for multi-objective optimization is provided. In accordance with one aspect, historical data and real-time data of a network of interest are provided in an integrated database. User input containing a problem to be solved and user preference for solving the problem is received. An optimization function is identified for generating at least one solution to the problem. The optimization function is identified based on the user preference. In response to identifying a single objective optimization function, the optimization function is initiated from a single objective optimization function library. In response to identifying a multi-objective optimization function, the optimization function is initiated from a multi-objective optimization function library. The optimization function retrieves the historical and real-time data based on the user preference for solving the problem. A result comprising at least one solution to the problem is provided.
10229117	SYSTEMS AND METHODS FOR CONDUCTING A HIGHLY AUTONOMOUS TECHNOLOGY-ASSISTED REVIEW CLASSIFICATION. Systems and methods for classifying electronic information are provided by way of a Technology-Assisted Review (“TAR”) process, specifically an “Auto-TAR” process that limits discretionary choices in an information classification effort, while still achieving superior results. In certain embodiments, Auto-TAR selects an initial relevant document from a document collection, selects a number of other documents from the document collection and assigns them a default classification, trains a classifier using a training set made up of the selected relevant document and the documents assigned a default classification, scores documents in the document collection and determines if a stopping criteria is met. If a stopping criteria has not been met, the process sorts the documents according to scores, selects a batch of documents from the collection for further review, receives user coding decisions for them, and re-trains a classifier using the received user coding decisions and an adjusted training set.
10230083	TRACTION BATTERY RETENTION ASSEMBLY. An exemplary traction battery retention assembly includes an attachment feature formed with a portion of an enclosure that houses a battery array. The attachment feature is sized such that a portion of the attachment feature can be received within an attachment feature of the battery array to hold the battery array within the enclosure. Another exemplary traction battery retention assembly includes a projection from an outer wall of a battery array. An attachment feature is formed with a portion of an enclosure that houses the battery array and includes an overhang surface to a surface of the projection to hold the array relative to the enclosure. Yet another traction battery pack assembly includes an enclosure of a battery pack that is formed together with a rib having sides extending to an end face. The rib extends to a structure housed within the enclosure.
10230128	DAMAGE TOLERANT BATTERIES. Embodiments described herein relate generally to electrochemical cells having semi-solid electrodes that have damage tolerance, and in particular, are tolerant to physical damage due to short circuit, crushing, or overheating. In some embodiments, an electrochemical cell includes a positive electrode, a negative electrode and an ion-permeable membrane separating the positive electrode and the negative electrode. At least one of the positive electrode and the negative electrode can include a semi-solid ion-storing redox composition which has a thickness of at least about 250 μm. The electrochemical cell can have a first operating voltage in a first planar configuration and a second operating voltage in a second non-planar configuration such that the first operating voltage and the second operating voltage are substantially similar. In some embodiments, the electrochemical cell has a bend axis such that the electrochemical cell is bent about the bend axis in the second non-planar configuration.
10242001	SYSTEMS AND METHODS FOR CONDUCTING AND TERMINATING A TECHNOLOGY-ASSISTED REVIEW. Systems and methods are provided for classifying electronic information and terminating a classification process which utilizes Technology-Assisted Review (“TAR”) techniques. In certain embodiments, the TAR process, which is an iterative process, is terminated based upon one more stopping criteria. In certain embodiments, use of the stopping criteria ensures that the TAR process will reliably achieve a level of quality (e.g., recall) with a certain probability. In certain embodiments, the TAR process is terminated when it independently identifies a target set of documents. In certain embodiments, the TAR process is terminated based upon whether the ratio of the slope of the TAR process's gain curve before an inflection point to the slope of the TAR process' gain curve after the inflection point exceeds a threshold. In certain embodiments, the TAR process is terminated when a review budget and slope ratio of the gain curve each exceed a respective threshold.
10242093	METHOD AND SYSTEM FOR PERFORMING A PROBABILISTIC TOPIC ANALYSIS OF SEARCH QUERIES FOR A CUSTOMER SUPPORT SYSTEM. A method and system uses a probabilistic topic model to identify topics that are relevant search query terms received by a customer support system from a user, according to one embodiment. The probabilistic topic model identifies topics that are relevant to the search query terms at least partially based on the context around the receipt of the search query terms, according to one embodiment. By identifying relevant topics at least partially based on the context around the receipt of the search query terms, a likelihood of inaccurately identifying a relevant topic is reduced, according to one embodiment.
10243202	POLYMERS FOR USE AS PROTECTIVE LAYERS AND OTHER COMPONENTS IN ELECTROCHEMICAL CELLS. Electrode structures and electrochemical cells are provided. The electrode structures and/or electrochemical cells described herein may include one or more protective layers comprising a polymer layer and/or a gel polymer electrolyte layer. The polymer layer may be formed from the copolymerization of an olefinic monomer comprising at least one electron withdrawing group and an olefinic comonomer comprising at least one electron donating group. Methods for forming polymer layers are also provided.
10243241	LITHIUM ION BATTERY WITH TRANSITION METAL ION TRAPS. A lithium ion battery is provided that includes: a positive electrode; a negative electrode; a microporous polymer separator soaked in an electrolyte solution, the microporous polymer separator disposed between the positive electrode and the negative electrode; and a transition metal cation trap which is i) incorporated as a binder in any of the positive electrode or the negative electrode, ii) deposited onto a surface of any of the positive electrode or the negative electrode, iii) incorporated into the microporous polymer separator, iv) deposited onto a surface of the microporous polymer separator, or v) included as an additive in the electrolyte solution. The transition metal cation trap is a siderophore.
10253051	PREPARATION OF TITANIUM CATECHOLATE COMPLEXES IN AQUEOUS SOLUTION USING TITANIUM TETRACHLORIDE OR TITANIUM OXYCHLORIDE. Titanium coordination complexes, particularly titanium catecholate complexes, can be attractive active materials for use in flow batteries. However, such coordination complexes can be difficult to prepare from inexpensive starting materials, particularly in aqueous solutions. Titanium oxychloride and titanium tetrachloride represent relatively inexpensive titanium sources that can be used for preparing such coordination complexes. Methods for preparing titanium catecholate complexes can include combining one or more catecholate ligands and titanium oxychloride in an aqueous solution, and reacting the one or more catecholate ligands with the titanium oxychloride in the aqueous solution to form the titanium catecholate complex. Titanium tetrachloride can be used as a precursor for forming the titanium oxychloride in situ. In some instances, the titanium catecholate complex can be isolated in a solid form, which can be substantially free of alkali metal ions.
10268956	METHOD AND SYSTEM FOR APPLYING PROBABILISTIC TOPIC MODELS TO CONTENT IN A TAX ENVIRONMENT TO IMPROVE USER SATISFACTION WITH A QUESTION AND ANSWER CUSTOMER SUPPORT SYSTEM. A method and system applies a probabilistic topic model to content in a tax environment to improve user satisfaction with a question and answer customer support system, according to one embodiment. The probabilistic topic model may be the Latent Dirichlet allocation algorithm or other implementations of probabilistic topic models, according to various embodiments. The method and system include receiving submission content from a user, according to one embodiment. The method and system include applying a probabilistic topic model to the submission content to determine submission content topics and submission content statistics, according to one embodiment. The method and system include generating and providing customer support content at least partially based on the submission content topics and at least partially based on the submission content statistics, to facilitate use of the question and answer customer support system by the user, according to one embodiment.
10270141	THERMOELECTRIC-BASED THERMAL MANAGEMENT SYSTEM. Disclosed embodiments include thermoelectric-based thermal management systems and methods configured to heat and/or cool an electrical device. Thermal management systems can include at least one electrical conductor in electrical and thermal communication with a temperature-sensitive region of the electrical device and at least one thermoelectric device in thermal communication with the at least one electrical conductor. Electric power can be directed to the thermoelectric device by the same electrical conductor or an external power supply, causing the thermoelectric device to provide controlled heating and/or cooling to the electrical device via the at least one electrical conductor. The thermoelectric management system can be integrated with the management system of the electrical device on a printed circuit substrate.
10283804	FLANGE ASSEMBLY FOR USE WITH A SOLID OXIDE FUEL CELL SYSTEM. A flange assembly for use with a SOFC system includes a first flange, a second flange, and a dielectric element coupled between the first flange and the second flange. The dielectric element includes an outer cylindrical surface and an inner cylindrical surface. The inner cylindrical surface defines a cylindrical region having a circumference. The inner cylindrical surface also defines a channel that extends radially about the circumference of the cylindrical region.
10290855	NEGATIVE ELECTRODE FOR ELECTRICAL DEVICE, AND ELECTRICAL DEVICE USING THE SAME. A negative electrode for an electrical device includes: a current collector; and an electrode layer containing a negative electrode active material, an electrically-conductive auxiliary agent and a binder and formed on a surface of the current collector, wherein the negative electrode active material contains an alloy represented by a following formula (1): SixZnyMzAa (in the formula (1) M is at least one metal selected from the group consisting of V, Sn, Al, C and combinations thereof, A is inevitable impurity, and x, y, z and a represent mass percent values and satisfy 0<x<100, 0<y<100, 0<z<100, 0≦a<0.5 and x+y+z+a=100), and elongation (δ) of the electrode layer is 1.29<δ<1.70%.
10290895	GARNET MATERIALS FOR LI SECONDARY BATTERIES AND METHODS OF MAKING AND USING GARNET MATERIALS. Set forth herein are garnet material compositions, e.g., lithium-stuffed garnets and lithium-stuffed garnets doped with alumina, which are suitable for use as electrolytes and catholytes in solid state battery applications. Also set forth herein are lithium-stuffed garnet thin films having fine grains therein. Disclosed herein are novel and inventive methods of making and using lithium-stuffed garnets as catholytes, electrolytes and/or anolytes for all solid state lithium rechargeable batteries. Also disclosed herein are novel electrochemical devices which incorporate these garnet catholytes, electrolytes and/or anolytes. Also set forth herein are methods for preparing novel structures, including dense thin (<50 um) free standing membranes of an ionically conducting material for use as a catholyte, electrolyte, and, or, anolyte, in an electrochemical device, a battery component (positive or negative electrode materials), or a complete solid state electrochemical energy storage device. Also, the methods set forth herein disclose novel sintering techniques, e.g., for heating and/or field assisted (FAST) sintering, for solid state energy storage devices and the components thereof.
10296837	COMMENT-COMMENT AND COMMENT-DOCUMENT ANALYSIS OF DOCUMENTS. A system and method for analyzing documents, such as posts, on-line reviews and comments from people based on topics of the documents, to determine general sentiment of users is disclosed. Topics from the documents and their corresponding sentiment polarities are extracted. The documents are regarded to be constituted by a series of topics. The sentiment for a topic is represented by a quadruple (k, so, h, i), where k is the topic, so is the sentiment opinion, h is the comment or post holder, and i is the document. A quintuple (k, sup, p, n, ne) is used to illustrate the topics and corresponding sentiments and is stored in S, where sup indicates the frequency of the topic, and p (positive), n (negative) and ne (neutral) are different types of opinions of the users. From the quintuple set S, every topic is related to three kinds of sentiment opinions (positive, negative, and neutral), enabling determination of popular topics in documents as well as the users' sentiment polarities.
10308587	FUNCTIONALIZED FLUOROPOLYMERS AND ELECTROLYTE COMPOSITIONS. Provided herein are functionally substituted fluoropolymers suitable for use in liquid and solid non-flammable electrolyte compositions. The functionally substituted fluoropolymers include perfluoropolyethers (PFPEs) having high ionic conductivity. Also provided are non-flammable electrolyte compositions including functionally substituted PFPEs and alkali-metal ion batteries including the non-flammable electrolyte compositions.
10312501	ELECTROLYTE AND NEGATIVE ELECTRODE STRUCTURE. An example electrolyte includes a solvent, a lithium salt, and an additive selected from the group consisting of a silane with at least one Si—H group; a fluorinated methoxysilane; a fluorinated chlorosilane; and combinations thereof. The electrolyte may be used in a method for making a solid electrolyte interface (SEI) layer on a surface of a lithium electrode. A negative electrode structure may be formed from the method.
10316047	PROCESSES FOR FORMING COORDINATION COMPLEXES CONTAINING MONOSULFONATED CATECHOLATE LIGANDS. Coordination complexes can have a metal center with at least one unsubstituted catecholate ligand and at least one monosulfonated catecholate ligand or a salt thereof bound thereto. Some coordination complexes can have a formula of DgTi(L1)x(L2)y, in which D is a counterion selected from NH4+, Li+, Na+, K+, or any combination thereof; g ranges between 2 and 6; L1 is an unsubstituted catecholate ligand; L2 is a monosulfonated catecholate ligand; and x and y are non-zero numbers such that x+y=3. Methods for synthesizing such coordination complexes can include providing a neat mixture of catechol and a sub-stoichiometric amount of sulfuric acid, heating the neat mixture to form a reaction product containing catechol and a monosulfonated catechol or a salt thereof, and forming a coordination complex from the reaction product without separating the catechol and the monosulfonated catechol or the salt thereof from one another.
10320032	ORGANIC ELECTROLYTIC SOLUTION AND LITHIUM BATTERY USING THE SAME. Provided is an organic electrolyte solution that includes a lithium salt, an organic solvent, and a sulfonate ester-based compound represented by Formula 1: R2—O—S(═O)2—R1 <Formula 1> wherein, in Formula 1, R1 may be a C1-C20 alkyl group that is unsubstituted or substituted with halogen, a C5-C20 cycloalkyl group that is unsubstituted or substituted with halogen, a C6-C40 aryl group that is unsubstituted or substituted with halogen, or a C2-C40 heteroaryl group that is unsubstituted or substituted with halogen, and R2 may be a substituted or unsubstituted cyclic sulfone group.
10320927	SYSTEMS AND METHODS FOR PROVIDING PERSONALIZED CONTENT. Systems, methods, and non-transitory computer-readable media can generate a set of candidate content items from a plurality of content items that are available in the social networking system, wherein one or more of the candidate content items are to be included in a personalized content stream for a first user. A corresponding score for each of the candidate content items can be generated with respect to the first user. A first set of content items can be determined from the set of candidate content items based at least in part on the respective scores, wherein content items in the first set are included in the personalized content stream.
10322646	FUEL CELL VEHICLE. A fuel cell vehicle provided with an exhaust duct structure is capable of reliably diluting hydrogen flowing into an exhaust duct. The fuel cell vehicle includes a vehicle body, an air-cooled fuel cell mounted in the vehicle body to generate power by allowing hydrogen gas and oxygen in air to react with each other, an exhaust duct through which exhaust air of the fuel cell is guided to a rear end of the vehicle body and is discharged outside the fuel cell vehicle, and a fan guiding air into the exhaust duct to dilute hydrogen in the exhaust duct.
10325211	Method for Using Hybrid Data Within a Travel Industry Optimized Cognitive Environment. A method for using hybrid data within a cognitive information processing system environment comprising: receiving data from a plurality of data sources, the plurality of data sources comprising a public data source and a private data source, the public data source comprising publicly available travel information, the private data source comprising privately managed, company specific travel information; accessing information from the plurality of data sources via a cognitive data management module; and, providing the information to an inference and learning system.
10326142	POSITIVE ELECTRODE INCLUDING DISCRETE ALUMINUM OXIDE NANOMATERIALS AND METHOD FOR FORMING ALUMINUM OXIDE NANOMATERIALS. A positive electrode includes a lithium-based active material, a binder, a conductive filler, and discrete aluminum oxide nanomaterials. The aluminum oxide nanomaterials are mixed, as an additive, throughout the positive electrode with the lithium-based active material, the binder, and the conductive filler. The positive electrode with the discrete aluminum oxide nanomaterials may be incorporated into a lithium ion battery. The aluminum oxide nanomaterials may be formed by the following method. A solution is formed by mixing an aluminum oxide precursor and an acid. A carbon material is added to the solution, thereby forming an aqueous mixture having the carbon material therein. Hydrothermal synthesis is performed using the aqueous mixture, and precursor nanostructures are grown on the carbon material. The precursor nanostructures on the carbon material are annealed so that the carbon material is removed and aluminum oxide nanomaterials are formed.
10326166	GEL ELECTROLYTES AND PRECURSORS THEREOF. An example of a gel electrolyte precursor includes a lithium salt, a solvent, a fluorinated monomer, a fluorinated crosslinker, and an initiator. Another example of a gel electrolyte precursor includes a lithium salt, a solvent, and a fluorinated monomer, wherein the fluorinated monomer is methyl 2-(trifluoromethyl) acrylate, tert-butyl 2-(trifluoromethyl)acrylate, or a combination thereof. A gel electrolyte formed from either gel electrolyte precursor may be incorporated into a lithium-based battery.
10330787	ADVANCED DRIVER-ASSISTANCE SYSTEM. A computer-implemented method and system are provided for driving assistance. The system includes an image capture device configured to capture image data relative to an outward view from a motor vehicle. The system further includes a processor configured to detect and localize objects, in a real-world map space, from the image data using a trainable object localization Convolutional Neural Network (CNN). The CNN is trained to detect and localize the objects from image and radar pairs that include the image data and radar data for different driving scenes of a natural driving environment. The processor is further configured to provide a user-perceptible object detection result to a user of the motor vehicle.
10333164	ELECTROCHEMICAL-BASED PURIFICATION OF ELECTROLYTE SOLUTIONS, AND RELATED SYSTEMS AND METHODS. Methods and systems for removing impurities from electrolyte solutions having three or more valence states. In some embodiments, a method includes electrochemically reducing an electrolyte solution to lower its valence state to a level that causes impurities to precipitate out of the electrolyte solution and then filtering the precipitate(s) out of the electrolyte solution. In embodiments in which the electrolyte solution is desired to be at a valence state higher than the precipitation valence state, a method of the disclosure includes oxidizing the purified electrolyte solution to the target valence.
10340484	HERMETIC PACKAGING MEMBER FOR FLEXIBLE ELECTROCHEMICAL DEVICE AND ELECTROCHEMICAL DEVICE INCLUDING THE HERMETIC PACKAGING MEMBER. A hermetic packaging member for packaging and sealing an electrode assembly of an electrochemical device includes an edge unit and a receiving unit having a predetermined depth in a thickness direction of the hermetic packaging member from the edge unit to receive the electrode assembly therein. The receiving unit includes a slope portion connected to the edge unit and a plateau portion surrounded by the slope portion. The slope portion includes a plurality of ridges and a plurality of valleys defined between the plurality of ridges.
10343964	PROCESSES FOR FORMING TITANIUM CATECHOL COMPLEXES. Titanium complexes containing catecholate ligands can be desirable active materials for flow batteries and other electrochemical energy storage systems. Such complexes can be formed, potentially on very large scales, through reacting a catechol compound in an organic solvent with titanium tetrachloride, and then obtaining an aqueous phase containing an alkali metal salt form of the titanium catechol complex. More specifically, the methods can include: forming a catechol solution and heating, adding titanium tetrachloride to the catechol solution, reacting the titanium tetrachloride with a catechol compound to evolve HCl gas and to form an intermediate titanium catechol complex, and adding an alkaline aqueous solution to the intermediate titanium catechol complex to form an alkali metal salt form titanium catechol complex that is at least partially dissolved in an aqueous phase. The aqueous phase can be separated from an organic phase. The resulting complexes can be substantially free of alkali metal halide salts.
10345620	METHODS AND APPARATUS TO FORM BIOCOMPATIBLE ENERGIZATION ELEMENTS INCORPORATING FUEL CELLS FOR BIOMEDICAL DEVICES. Methods and apparatus to form biocompatible energization elements are described. In some embodiments, the methods and apparatus to form the biocompatible energization elements involve forming cavities into a fuel cell. The active elements of a cathode, anode, membrane and fuel storage are sealed with a laminate stack of biocompatible material. In some embodiments, a field of use for the methods and apparatus may include any biocompatible device or product that requires energization elements.
10361404	ANODES FOR USE IN BIOCOMPATIBLE ENERGIZATION ELEMENTS. Anode formulations and designs for use in biocompatible energization elements are described. In some examples, a field of use for the apparatus may include any biocompatible device or product that requires energization elements.
10367188	STORAGE BATTERY ELECTRODE, MANUFACTURING METHOD THEREOF, STORAGE BATTERY, AND ELECTRONIC DEVICE. In manufacturing a storage battery electrode, a method for manufacturing a storage battery electrode with high capacity and stability is provided. As a method for preventing a mixture for forming an active material layer from becoming strongly basic, a first aqueous solution is formed by mixing an active material exhibiting basicity with an aqueous solution exhibiting acidity and including an oxidized derivative of a first conductive additive; a first mixture is formed by reducing the oxidized derivative of the first conductive additive by drying the first aqueous solution; a second mixture is formed by mixing a second conductive additive and a binder; a third mixture is formed by mixing the first mixture and the second mixture; and a current collector is coated with the third mixture. The strong basicity of the mixture for forming an active material layer is lowered; thus, the binder can be prevented from becoming gelled.
10367198	NEGATIVE ELECTRODE ACTIVE MATERIAL FOR ELECTRIC DEVICE. A negative electrode active material for an electric device includes an alloy containing Si in a range of greater than or equal to 27% by mass and less than 100% by mass, Sn in a range of greater than 0% by mass and less than or equal to 73% by mass, V in a range of greater than 0% by mass and less than or equal to 73% by mass, and inevitable impurities as a residue. The negative electrode active material can be obtained with, for example, a multi DC magnetron sputtering apparatus by use of Si, Sn, and V as targets. An electric device using the negative electrode active material can achieve long cycle life and ensure a high capacity and cycle durability.
10367201	NEGATIVE ELECTRODE INCLUDING A POLYMERIC SINGLE-ION CONDUCTOR COATING. A negative electrode includes a metal substrate and a polymeric single-ion conductor coating formed on a surface of the metal substrate. The metal substrate is selected from the group consisting of lithium, sodium, and zinc. The polymeric single-ion conductor coating is formed of i) a metal salt of a sulfonated tetrafluoroethylene-based fluoropolymer copolymer or ii) a polymeric metal salt having an initial polymeric backbone and pendent metal salt groups attached to the initial polymeric backbone.
10387801	METHOD OF AND SYSTEM FOR GENERATING A PREDICTION MODEL AND DETERMINING AN ACCURACY OF A PREDICTION MODEL. A computer-implemented method of and a system for generating a prediction model and determining an accuracy parameter of a trained decision tree prediction model. The method comprises accessing the trained decision tree prediction model having been generated at least partially based on a set of training objects; generating a subset of random parameters of interest; associating the subset of random parameters of interests with a given leaf; determining a leaf accuracy parameter based on (i) the parameters of interest associated with the given leaf and (ii) the subset of random parameters of interest of the given leaf; and determining the accuracy parameter of the trained decision tree prediction model based on the determined leaf accuracy parameter.
10396355	NEGATIVE ELECTRODE ACTIVE MATERIAL FOR SECONDARY BATTERY AND METHOD FOR MANUFACTURING SAME. Provided is an anode active material for a secondary battery and a method of fabricating the anode active material. A silicon-based active material composite according to an embodiment of the inventive concept includes silicon and silicon oxide obtained by oxidizing at least a part of the silicon, and an amount of oxygen with respect to a total weight of the silicon and the silicon oxide is restricted to 9 wt % to 20 wt %.
10399455	VEHICLE HIGH-VOLTAGE SYSTEM EQUIPMENT UNIT, VEHICLE BATTERY UNIT AND VEHICLE. A vehicle high-voltage system equipment unit includes: a high-voltage system equipment and a cooling fan for taking in air from a passenger compartment. The high-voltage system equipment is cooled with air taken in from the passenger compartment, the cooling fan is provided on an upstream side of the high-voltage system equipment, and an air discharge portion is provided on a downstream side of the high-voltage system equipment, a branch portion for dividing a flow of air used to cool the high-voltage system equipment is provided in the air discharge portion, an air flow regulating portion is provided on an upstream side of the branch portion, and the air flow regulating portion is formed integrally with the high-voltage system equipment.
10403889	HIGH-CAPACITY SILICON NANOWlRE BASED ANODE FOR LITHIUM-ION BATTERIES. The present invention provides anodes comprising an electrically conductive substrate, comprising at least one non-uniform surface; and a random network of silicon nanowires (Si NWs) chemically grown on said at least one non-uniform surface of the substrate, wherein the Si NWs have at least about 30% amorphous morphology, and methods of manufacturing of the anodes. Further provided are lithium ion batteries comprising said anodes.
10403931	GARNET MATERIALS FOR LI SECONDARY BATTERIES AND METHODS OF MAKING AND USING GARNET MATERIALS. Set forth herein are garnet material compositions, e.g., lithium-stuffed garnets and lithium-stuffed garnets doped with alumina, which are suitable for use as electrolytes and catholytes in solid state battery applications. Also set forth herein are lithium-stuffed garnet thin films having fine grains therein. Disclosed herein are novel and inventive methods of making and using lithium-stuffed garnets as catholytes, electrolytes and/or anolytes for all solid state lithium rechargeable batteries. Also disclosed herein are novel electrochemical devices which incorporate these garnet catholytes, electrolytes and/or anolytes. Also set forth herein are methods for preparing novel structures, including dense thin (<50 um) free standing membranes of an ionically conducting material for use as a catholyte, electrolyte, and, or, anolyte, in an electrochemical device, a battery component (positive or negative electrode materials), or a complete solid state electrochemical energy storage device. Also, the methods set forth herein disclose novel sintering techniques, e.g., for heating and/or field assisted (FAST) sintering, for solid state energy storage devices and the components thereof.
10410113	TIME SERIES DATA ADAPTATION AND SENSOR FUSION SYSTEMS, METHODS, AND APPARATUS. Systems, methods, and apparatus for time series data adaptation, including sensor fusion, are disclosed. For example, a system includes a variational inference machine, a sequential data forecast machine including a hidden state, and a machine learning model. The sequential data forecast machine exports a version of the hidden state. The variational inference machine receives as inputs time series data and the version of the hidden state, and outputs a time dependency infused latent distribution. The sequential data forecast machine obtains the version of the hidden state, receives as inputs the time series data and the time dependency infused latent distribution, and updates the hidden state based on the time series data, the time dependency infused latent distribution, and the version of the hidden state to generate a second version of the hidden state. The time dependency infused latent distribution is input into the machine learning model, which outputs a result.
10411260	GRID ELECTRODE FOR POLAR SOLVENT-BASED HYDRO-PYROELECTRODYNAMIC ELECTRICAL ENERGY STORAGE DEVICE. An electrode having a planar electrode body with a plurality of hexagonally shaped through-holes formed therein. The planar electrode body is configured for use in a polar, protic, or aprotic solvent of a Hydro-Pyroelectrodynamic (“H-PED”) energy storage device. The electrode may be constructed using a method that includes applying a layer of graphene to an outer surface of the planar electrode body, and annealing the outer surface of the planar electrode body after the layer of graphene has been applied thereto.
10411310	METHODS FOR ELECTROCHEMICAL CELL REMEDIATION. Embodiments described herein relate generally to methods for the remediation of electrochemical cell electrodes. In some embodiments, a method includes obtaining an electrode material. At least a portion of the electrode material is rinsed to remove a residue therefrom. The electrode material is separated into constituents for reuse.
10424784	NEGATIVE ELECTRODE INCLUDING SILICON NANOPARTICLES HAVING A CARBON COATING THEREON. An example of a negative electrode includes silicon nanoparticles having a carbon coating thereon. The carbon coating has an oxygen-free structure including pentagon rings. The negative electrode with the silicon nanoparticles having the carbon coating thereon may be incorporated into a lithium-based battery. In an example of a method, silicon nanoparticles are provided. A carbon precursor is applied on the silicon nanoparticles. The carbon precursor is an oxygen-free, fluorene-based polymer. Then the silicon nanoparticles are heated in an inert gas atmosphere to form the carbon coating on the silicon nanoparticles. The carbon coating formed on the silicon nanoparticles has an oxygen-free structure including pentagon rings.
10445317	Graph Query Engine for Use within a Cognitive Environment. An apparatus for use within a cognitive information processing system environment comprising: a graph query engine, the graph query engine coupled to receive data from a plurality of data sources, the graph query engine receiving and processing queries and to bridge the queries into a cognitive graph.
10445379	METHOD OF GENERATING A TRAINING OBJECT FOR TRAINING A MACHINE LEARNING ALGORITHM. There is disclosed a computer implemented method of generating a training object for training a machine learning algorithm (MLA). The method comprises: acquiring a digital training document to be used in the training; transmitting the digital training document to a plurality of assessors, transmitting further including indicating a range of possible labels for the assessors to assess from, the range of possible labels including at least a first possible label and a second possible label; obtaining from each of the plurality of assessors a selected label to form a pool of selected labels; generating a consensus label distribution based on the pool of selected labels, the consensus label distribution representing a range of perceived labels for the digital training document and an associated probability score for each of the perceived labels; and training the machine learning algorithm using the digital training document and the consensus label distribution.
10445645	COGNITIVE AGENTS FOR USE WITHIN A COGNITIVE ENVIRONMENT. An apparatus for providing cognitive insights comprising: a cognitive inference and learning system, the cognitive inference and learning system comprising a plurality of agents, the plurality of agents processing streams of data from a plurality of data sources, the processing the streams of data from the plurality of data sources via the plurality of agents performing a respective plurality of cognitive operations on the streams of data, at least one of the plurality of agents generating cognitive insights based upon the performing the respective plurality of cognitive operations on the streams of data from the plurality of data sources.
10446271	Method for Providing Healthcare Industry Optimized Cognitive Insights. A method for providing healthcare optimized cognitive insights comprising: receiving data from a plurality of data sources, at least some of the plurality of data sources comprising healthcare relevant data sources; processing the data from the plurality of data sources to provide cognitively processed insights; performing a learning operation to iteratively improve the cognitively processed insights over time; and, providing the cognitively processed healthcare relevant insights to a destination.
10446873	SOLID-STATE BATTERY. In one example, a battery includes a cathode, an anode, and a layer between the cathode and the anode. The cathode includes a solid-state electrolyte. The layer between the cathode and the anode is a solid-state electrolyte layer.
10467541	METHOD AND SYSTEM FOR IMPROVING CONTENT SEARCHING IN A QUESTION AND ANSWER CUSTOMER SUPPORT SYSTEM BY USING A CROWD-MACHINE LEARNING HYBRID PREDICTIVE MODEL. A method and system improves content searching in a question and answer customer support system by using a crowd-machine learning hybrid predictive model, according to one embodiment. The question and answer customer support system determines which customer support content to provide to users by using the hybrid predictive model, according to one embodiment. The question and answer customer support system receives a search query from a user and applies the search query (or a representation of the search query) to the hybrid predictive model, according to one embodiment. The hybrid predictive model generates a likelihood that particular customer support content is relevant to a user's search query, according to one embodiment. The question and answer customer support system acquires user feedback from users and updates/trains the hybrid predictive model based on the user feedback, according to one embodiment.
10476101	ELECTRICAL DEVICE. To provide a means for further improving cycle durability in an electrical device such as a lithium ion secondary battery including a negative electrode containing a silicon-containing negative electrode active material. An electrical device has a power generating element including a unit cell layer containing a positive electrode in which a positive electrode active material layer containing a positive electrode active material is formed on the surface of a positive electrode current collector, a negative electrode in which a negative electrode active material layer containing a silicon-containing negative electrode active material is formed on the surface of a negative electrode current collector, and a separator. The electrical device is configured such that the one or more unit cell layers constituting the power generating element satisfy formula (1): 0.91≦C/A<1 when the area of the negative electrode active material layer is A [m2] and the area of the positive electrode active material layer is C [m2].
10490796	ELECTRODE PROTECTION USING ELECTROLYTE-INHIBITING ION CONDUCTOR. The use of ion-conducting materials to protect electrodes is generally described. The ion-conducting material may be in the form of a layer that is adjacent to a polymeric layer, such as a porous separator, to form a composite. At least a portion of the pores of the polymer layer may be filled or unfilled with the ion-conducting material. In some embodiments, the ion-conducting layer is sufficiently bonded to the polymer layer to prevent delamination of the layers during cycling of an electrochemical cell.
10497932	LITHIUM ACCUMULATOR COMPRISING A POSITIVE ELECTRODE MATERIAL BASED ON A SPECIFIC CARBON MATERIAL FUNCTIONALIZED BY SPECIFIC ORGANIC COMPOUNDS. The invention relates to a lithium accumulator comprising at least one electrochemical cell comprising an electrolyte positioned between a positive electrode and a negative electrode, said positive electrode comprising a positive electrode material comprising a carbonaceous material selected from carbon nanotubes, graphene or derivatives of graphene selected from graphene oxides, reduced graphene oxides, said carbonaceous material is covalently functionalized by at least one organic compound comprising at least one electron attractor group.
10497935	Pre-Lithiation of Electrode Materials in a Semi-Solid Electrode. Embodiments described herein relate generally to electrochemical cells having pre-lithiated semi-solid electrodes, and particularly to semi-solid electrodes that are pre-lithiated during the mixing of the semi-solid electrode slurry such that a solid-electrolyte interface (SEI) layer is formed in the semi-solid electrode before the electrochemical cell formation. In some embodiments, a semi-solid electrode includes about 20% to about 90% by volume of an active material, about 0% to about 25% by volume of a conductive material, about 10% to about 70% by volume of a liquid electrolyte, and lithium (as lithium metal, a lithium-containing material, and/or a lithium metal equivalent) in an amount sufficient to substantially pre-lithiate the active material. The lithium metal is configured to form a solid-electrolyte interface (SEI) layer on a surface of the active material before an initial charging cycle of an electrochemical cell that includes the semi-solid electrode.
10497958	COORDINATIVELY UNSATURATED TITANIUM CATECHOLATE COMPLEXES AND PROCESSES ASSOCIATED THEREWITH. Coordinatively saturated titanium (IV) coordination compounds containing catecholate ligands can be desirable active materials for flow batteries and other electrochemical energy storage systems. Such coordination compounds can be formed advantageously via an intermediate composition containing a coordinatively unsaturated titanium (IV) coordination compound. More specifically, such compositions can include a coordinatively unsaturated titanium (IV) coordination compound having a coordination number of 5 or less and containing two catecholate ligands, wherein the composition is substantially free of non-ligated catechol compound. Methods for forming the coordinatively unsaturated titanium (IV) coordination compounds can include: combining titanium tetrachloride and a catechol compound in an aprotic solvent to form a reaction mixture, and reacting the titanium tetrachloride with the catechol compound in an absence of base to form a coordinatively unsaturated titanium (IV) coordination compound having a coordination number of 5 or less and containing two catecholate ligands and that is insoluble in the reaction mixture.
10516189	HIGH VOLTAGE BUS CONTACTOR FAULT DETECTION. A system for a vehicle includes a pair of electrical buses connected to terminals of a traction battery via a shared positive contactor and a pair of negative contactors. The system further includes a controller configured to, responsive to a request to close the contactors and a difference between voltage magnitudes of the buses being greater than a predefined threshold, actively discharge one of the buses to reduce the difference.
10521475	Travel-Related Cognitive Profiles. A method, system and computer-usable medium for performing cognitive computing operations comprising receiving streams of data from a plurality of data sources; processing the streams of data from the plurality of data sources, the processing the streams of data from the plurality of data sources performing data enriching for incorporation into a cognitive graph; defining a travel-related cognitive persona within the cognitive graph, the travel-related cognitive persona corresponding to an archetype user model, the travel-related cognitive persona comprising a set of nodes in the cognitive graph; associating a user with the travel-related cognitive persona; defining a travel-related cognitive profile within the cognitive graph, the travel-related cognitive profile comprising an instance of the travel-related cognitive persona that references personal data associated with the user; associating the user with the travel-related cognitive profile; and, performing a cognitive computing operation based upon the travel-related cognitive profile associated with the user.
10522824	METHOD FOR PREPARING SILICON-BASED ACTIVE MATERIAL PARTICLES FOR SECONDARY BATTERY AND SILICON-BASED ACTIVE MATERIAL PARTICLES. The present invention relates to a method for preparing silicon-based active material particles for a secondary battery and silicon-based active material particles. The method for preparing silicon-based active material particles according to an embodiment of the present invention comprises the steps of: providing silicon powder; dispersing the silicon powder into an oxidant solvent to provide a mixture prior to grinding; fine-graining the silicon powder by applying mechanical compression and shear stress to the silicon powder in the mixture prior to grinding to produce silicon particles; producing a layer of chemical oxidation on the fine-grained silicon particles with the oxidant solvent while applying mechanical compression and shear stress to produce silicon-based active material particles; and drying the resulting product comprising the silicon-based active material particles to yield silicon-based active material particles.
10528870	NATURAL LANGUAGE QUERY PROCEDURE WHERE QUERY IS INGESTED INTO A COGNITIVE GRAPH. A computer-implementable method for managing a cognitive graph comprising: receiving data a data source, the data comprising a query and information relating to an answer to the query; processing the query, the processing the query identifying a plurality of query related knowledge elements; processing the information relating to the answer to the query, the processing the information relating to the answer to the query identifying a plurality of answer related knowledge elements; and, storing the plurality of query related knowledge elements and the plurality of answer related knowledge elements within the cognitive graph as a collection of knowledge elements.
10535870	ELECTRICAL DEVICE. Provided is a means which is capable of achieving satisfactory rate characteristics, while sufficiently making use of a high capacity that is a characteristic of a solid solution positive electrode active material in an electrical device such as a lithium ion secondary battery having a positive electrode which uses a solid solution positive electrode active material. An electrical device having a power generating element which includes a positive electrode where a positive electrode active material layer containing a positive electrode active material is formed on a surface of a positive electrode current collector, a negative electrode where a negative electrode active material layer containing a negative electrode active material is formed on a surface of a negative electrode current collector, and a separator, in which the coating amount of the negative electrode active material layer is set at 4 to 11 mg/cm2, the negative electrode active material layer contains a negative electrode active material represented by Formula (1), the positive electrode active material layer contains a positive electrode active material (a solid solution positive electrode active material) represented by Formula (2), and in that case, as a solid solution positive electrode active material to be contained in the positive electrode active material layer, a material represented by Formula (3) and having a particle surface that is provided with a certain amount of coating layer which is formed of an oxide or complex oxide of a metal that is selected from the group consisting of Al, Zr and Ti is used.
10552727	METHODS AND SYSTEMS FOR DATA TRAFFIC ANALYSIS. According to some embodiments, a method for training a system for data traffic analysis is described, the system comprising a deep learning algorithm, wherein the deep learning algorithm comprises a prediction model which is trained to take into account the history of data. According to some embodiments, the deep learning algorithm is operated on a graphical processing unit. According to some embodiments, the system for data traffic analysis is configured to detect anomalies in the data, based also on past data. According to some embodiments, the system for data traffic analysis is configured to simultaneously detect anomalies in the data and update its prediction model. Additional methods and systems in the field of data traffic analysis are also described. According to some embodiments, data of a car are analyzed in order to detect anomalies.
10556494	AIR-COOLED FUEL CELL VEHICLE. When it is determined that the vehicle is stopped, a control unit blocks communication between a first opening and a fuel cell by a first valve. When a fan is being driven and communication between the first opening and the fuel cell is blocked by the first valve, a second valve opens a third opening.
10565305	ADAPTIVE ATTENTION MODEL FOR IMAGE CAPTIONING. The technology disclosed presents a novel spatial attention model that uses current hidden state information of a decoder long short-term memory (LSTM) to guide attention and to extract spatial image features for use in image captioning. The technology disclosed also presents a novel adaptive attention model for image captioning that mixes visual information from a convolutional neural network (CNN) and linguistic information from an LSTM. At each timestep, the adaptive attention model automatically decides how heavily to rely on the image, as opposed to the linguistic model, to emit the next caption word. The technology disclosed further adds a new auxiliary sentinel gate to an LSTM architecture and produces a sentinel LSTM (Sn-LSTM). The sentinel gate produces a visual sentinel at each timestep, which is an additional representation, derived from the LSTM's memory, of long and short term visual and linguistic information.
10565306	SENTINEL GATE FOR MODULATING AUXILIARY INFORMATION IN A LONG SHORT-TERM MEMORY (LSTM) NEURAL NETWORK. The technology disclosed presents a novel spatial attention model that uses current hidden state information of a decoder long short-term memory (LSTM) to guide attention and to extract spatial image features for use in image captioning. The technology disclosed also presents a novel adaptive attention model for image captioning that mixes visual information from a convolutional neural network (CNN) and linguistic information from an LSTM. At each timestep, the adaptive attention model automatically decides how heavily to rely on the image, as opposed to the linguistic model, to emit the next caption word. The technology disclosed further adds a new auxiliary sentinel gate to an LSTM architecture and produces a sentinel LSTM (Sn-LSTM). The sentinel gate produces a visual sentinel at each timestep, which is an additional representation, derived from the LSTM's memory, of long and short term visual and linguistic information.
10565504	Structurally Defining Knowledge Elements Within a Cognitive Graph. A computer-implementable method for managing a cognitive graph comprising: receiving data from a plurality of data sources; processing the data from the plurality of data sources, the processing the data from the plurality of data sources identifying a plurality of knowledge elements; and, storing the knowledge elements within the cognitive graph as a collection of knowledge elements, the storing universally representing knowledge obtained from the data, each knowledge element being structurally defined within the cognitive graph.
10566608	NEGATIVE ELECTRODE FOR ELECTRIC DEVICE AND ELECTRIC DEVICE USING THE SAME. The negative electrode for an electric device includes a current collector and an electrode layer containing a negative electrode active material, a conductive auxiliary agent and a binder and formed on a surface of the current collector, wherein the negative electrode active material contains an alloy represented by the following formula (1): SixSnyMzAa (in the formula (1), M is at least one metal selected from the group consisting of Al, V, C and a combination thereof, A is inevitable impurities, and x, y, z and a represent mass percent values and satisfy the conditions of 0<x<100, 0<y<100, 0<z<100, 0≦a<0.5, and x+y+z+a=100), and elastic elongation of the current collector is 1.30% or greater.
10573863	Battery And Auxiliary Power Unit Mounting System. An assembly may include an auxiliary power unit housing, a battery box, and a pair of brackets. The battery box may include a base, a first cover and a second cover. The first cover may be removably attached to the base. The auxiliary power unit housing may be mounted to the second cover. The first cover may include a lip that engages a flange of the second cover. The brackets may extend laterally outward from lateral sides of the base.
10586169	COMMON FEATURE PROTOCOL FOR COLLABORATIVE MACHINE LEARNING. The disclosed embodiments provide a system for processing data. During operation, the system obtains a hierarchical representation containing a set of namespaces of a set of features shared by a set of statistical models. Next, the system uses the hierarchical representation to obtain, from one or more execution environments, a subset of the features for use in calculating the derived feature. The system then applies a formula from the hierarchical representation to the subset of the features to produce the derived feature. Finally, the system provides the derived feature for use by one or more of the statistical models.
10586966	COMPOSITION FOR NON-AQUEOUS SECONDARY BATTERY FUNCTIONAL LAYER, FUNCTIONAL LAYER FOR NON-AQUEOUS SECONDARY BATTERY, AND NON-AQUEOUS SECONDARY BATTERY. To provide a technique of trapping transition metal ions such as cobalt ions dissolved from positive electrode active material in a secondary battery to prevent deposition of transition metal on the negative electrode. Disclosed is a composition for non-aqueous secondary battery functional layer which contains organic particles containing an aliphatic conjugated diene monomer unit at an amount of 5% by mass or more based on the total monomer units in the organic particles, wherein the composition comprises the organic particles at an amount of 50% by mass or more in terms of solid content.
10593952	MECHANICAL SYSTEMS AND METHODS FOR PROVIDING EDGE SUPPORT AND PROTECTION IN SEMI-SOLID ELECTRODES. Embodiments described herein relate generally to electrodes for electrochemical cells, the electrodes including an electrode material disposed on a current collector. In some embodiments, an electrode includes an edge protection barrier member on a perimeter of a surface of the current collector. The barrier member forms a wall along the main edge(s) of the current collector, defining an inner region bounded by the barrier member and the top surface of the current collector, and the electrode material occupies the inner region.
10608293	DUAL SIDED REUSABLE BATTERY INDICATOR. A reusable battery indicator comprises a voltage sensor configured to convert sensed analog characteristics of a battery to digital information; a communication circuit communicatively connected to the voltage sensor; an antenna operatively coupled to the communication circuit; and a connection mechanism having at least a first connector and a second connector that are electrically connected to the voltage sensor, the first connector and the second connector being adapted to be removably connected to a first battery terminal and to a second battery terminal, respectively, thereby completing an electrical circuit between the voltage sensor and the first and second battery terminals when the connection mechanism is coupled to the first battery terminal and to the second battery terminal.
10608454	ELECTROCHEMICAL DEVICE, SUCH AS A MICROBATTERY, AND FABRICATION METHOD THEREOF. The electrochemical device includes a first stack of solid thin layers formed on a substrate, the first stack forming a battery and including: a first electrode and a second electrode separated by a first electrolyte layer, a first current collector in contact with the first electrode, a second current collector in contact with the second electrode. The device includes a second stack forming a thermometer. The second stack includes a third current collector and a fourth current collector separated by a second electrolyte layer forming a resistive layer, the second electrolyte layer being ionically dissociated from the first electrolyte layer. The device includes a control circuit configured to measure the resistance of the resistive layer.
10615413	HIGH VOLTAGE, HIGH VOLUMETRIC ENERGY DENSITY LI-ION BATTERY USING ADVANCED CATHODE MATERIALS. The disclosed embodiments provide a battery cell. The battery cell includes an anode containing an anode current collector and an anode active material disposed over the anode current collector. The battery cell also includes a cathode containing a cathode current collector and a cathode active material disposed over the cathode current collector. The cathode active material has a composition represented by xLi2MO3.(1-x)LiCoyM′(1-y)O2.
10628735	READING COMPREHENSION NEURAL NETWORKS. Methods, systems, and apparatus, including computer programs encoded on computer storage media, for selecting answers to questions about documents. One of the methods includes receiving a document comprising a plurality of document tokens; receiving a question associated with the document, the question comprising a plurality of question tokens; processing the document tokens and the question tokens using a reader neural network to generate a joint numeric representation of the document and the question; and selecting, from the plurality of document tokens, an answer to the question using the joint numeric representation of the document and the question.
10629862	CATHODE INSULATOR DESIGN. Disclosed herein are electrochemical cells that generally relate to the conversion of chemical energy to electrical energy. More particularly, the present disclosure is directed to primary lithium electrochemical cells possessing insulator pocket structures, which substantially envelope cathode components to prevent lithium cluster formation therein.
10637017	FLEXIBLE BATTERY STRUCTURE. A number of different battery cell configurations are disclosed. Flexible battery cells are used to form a flexible structure capable of bending and flexing to accommodate movement of components of an electronic device. In some embodiments, the flexible battery cells can include cathode and anode layers joined together by a separator.
10637038	ELECTROCHEMICAL CELLS HAVING SEMI-SOLID ELECTRODES AND METHODS OF MANUFACTURING THE SAME. Embodiments described herein relate generally to electrochemical cells having semi-solid electrodes that are coated on only one side of a current collector. In some embodiments, an electrochemical cell includes a semi-solid positive electrode coated on only one side of a positive current collector and a semi-solid negative electrode coated on only one side of a negative current collector. A separator is disposed between the semi-solid positive electrode and the semi-solid negative electrode. At least one of the semi-solid positive electrode and the semi-solid negative electrode can have a thickness of at least about 250 μm.
10643125	METHODS AND SYSTEMS OF NEURON LEAKY INTEGRATE AND FIRE CIRCUITS. Embodiments include methods and systems of neuron leaky integrate and fire circuit (NLIFC). Aspects include: receiving an input current having both AC component and DC component at an input terminal of the NLIFC, extracting AC component of input current, generating a number of swing voltages at a swing node using extracted AC component of the input current, transferring charge from a pull-up node to a neuron membrane potential (NP) node through an integration diode and a pull-up diode to raise a voltage at NP node over an integration capacitor gradually and the voltage at NP node shows integration value of AC component of input current, implementing leaky decay function of the neuron leaky integrate and fire circuit, detecting a timing of neuron fire using an analog comparator, resetting a neuron membrane potential level for a refractory period after neuron fire, and generating fire output signal of the NLIFC.
10644342	COORDINATION COMPLEXES CONTAINING MONOSULFONATED CATECHOLATE LIGANDS AND METHODS FOR PRODUCING THE SAME. Flow batteries and other electrochemical systems can contain an active material that is a coordination complex having at least one monosulfonated catecholate ligand or a salt thereof bound to a metal center. The monosulfonated catecholate ligand has a structure of More particularly, the coordination complex can be a titanium coordination complex with a formula of DgTi(L1)(L2)(L3), in which D is a counterion selected from H, NH4|, Li|, Na|, K|, or any combination thereof g ranges between 3 and 6; and L1, L2 and L3 are ligands, where at least one of L1, L2 and L3 is a monosulfonated catecholate ligand. Methods for synthesizing such monosulfonated catecholate ligands can include providing a neat mixture of catechol and up to about 1.3 stoichiometric equivalents of sulfuric acid, and heating the neat mixture at a temperature of about 80° C. or above to form 3,4-dihydroxybenzenesulfonic acid or a salt thereof.
10644363	TEMPERATURE CONDITIONING UNIT, TEMPERATURE CONDITIONING SYSTEM, AND VEHICLE. Temperature conditioning unit (10) includes impeller (110), rotary drive source (200), fan case (120), housing (300), intake-side back-end chamber (311a), intake-side front-end chamber (311d), and isolation wall (311). Intake-side back-end chamber (311a) adjoins an object to be temperature-conditioned. Intake-side front-end chamber (311d) is where the air flows in from outside and flows out toward the intake-side back-end chamber. Isolation wall (311) separates intake-side back-end chamber (311a) from intake-side front-end chamber (311d).
10671675	SYSTEMS AND METHODS FOR A SCALABLE CONTINUOUS ACTIVE LEARNING APPROACH TO INFORMATION CLASSIFICATION. Systems and methods for classifying electronic information are provided by way of a Technology-Assisted Review (“TAR”) process. In certain embodiments, the TAR process is a Scalable Continuous Active Learning (“S-CAL”) approach. In certain embodiments, S-CAL selects an initial sample from a document collection, trains a classifier by using a default classification for a portion of the initial sample, scores the initial sample, selects a sub-sample from the initial sample for review, removes the reviewed sub-sample from the initial sample, and repeats the process by re-training the classifier until the initial sample is exhausted. In certain embodiments, a classification threshold is determined using a calculated estimate of the prevalence of relevant information such that the threshold classifies the information in accordance with a determined target criteria. In certain embodiments, the estimate of prevalence is determined from the results of iterations of a TAR process such as S-CAL.
10673070	POSITIVE ACTIVE MATERIAL FOR NONAQUEOUS ELECTROLYTE SECONDARY BATTERY, METHOD FOR PRODUCING SAME, ELECTRODE FOR NONAQUEOUS ELECTROLYTE SECONDARY BATTERY, AND NONAQUEOUS ELECTROLYTE SECONDARY BATTERY. Provided is a positive active material for a nonaqueous electrolyte secondary battery which includes a lithium transition metal composite oxide. A molar ratio (Li/Me) of Li and a transition metal (Me) that form the lithium transition metal composite oxide is more than 1. The transition metal (Me) includes Mn, Ni and Co. The lithium transition metal composite oxide has an α-NaFeO2-type crystal structure, an X-ray diffraction pattern attributable to a space group R3-m, and a full width at half maximum (FWHM (104)) for the diffraction peak of the (104) plane at a Miller index hkl in X-ray diffraction measurement using a CuKα ray of 0.21° or more and 0.55° or less. A ratio (FWHM (003)/FWHM (104)) of a full width at half maximum for the diffraction peak of the (003) plane and the full width at half maximum for the diffraction peak of the (104) plane at the Miller index hkl is 0.72 or less. Particles of the lithium transition metal composite oxide have a peak differential pore volume of 0.33 mm3/(g·nm) or less.
10686167	POWER STORAGE DEVICE, BATTERY MANAGEMENT UNIT, AND ELECTRONIC DEVICE. A repeatedly bendable power storage device. A highly reliable power storage device. A long-life power storage device. A repeatedly bendable electronic device. A flexible electronic device. The power storage device includes a film, a positive electrode, and a negative electrode. The film includes a plurality of projections. A difference between the maximum height and the minimum height of a surface of the film is greater than or equal to 0.15 mm and less than 0.8 mm. The modulus of rigidity of the film is less than 6.5×109 N. The film includes a metal layer. The thickness of the metal layer is greater than or equal to 5 μm and less than or equal to 200 μm. The positive electrode and the negative electrode are surrounded by the film.
10693122	METHOD FOR PREPARING ELECTRODE SLURRY. The present invention relates to a method for preparing an electrode slurry, and particularly, to a method for preparing an electrode slurry that includes the processes of preparing a mixed solution by mixing a binder, a conductive material, and an active material with a solvent (process 1); separating the mixed solution prepared through process 1 into layers (process 2); and removing at least a portion of the solvent from the mixed solution of process 2, which has been separated into layers (process 3).
10699196	LOSSLESS PARSING WHEN STORING KNOWLEDGE ELEMENTS WITHIN A UNIVERSAL COGNITIVE GRAPH. A system comprising: a processor; a data bus coupled to the processor; and a non-transitory, computer-readable storage medium embodying computer program code, the non-transitory, computer-readable storage medium being coupled to the data bus. The computer program code interacting with a plurality of computer operations and comprising instructions executable by the processor and configured for: receiving data from a data source; determining whether the data comprises text; processing the data, the processing comprising performing a lossless parsing operation on the data, the processing the data identifying a plurality of knowledge elements based upon the parsing operation; and, storing the knowledge elements within the cognitive graph as a collection of knowledge elements, the storing universally representing knowledge obtained from the data.
10706357	Ingesting Information into a Universal Cognitive Graph. A computer-implementable method for ingesting information into a cognitive graph comprising: receiving data from a data source; determining whether the data comprises text; processing the data, the processing comprising performing a natural language processing operation on the data, the processing the data identifying a plurality of knowledge elements based upon the natural language processing operation; and, storing at least some of the knowledge elements within the cognitive graph as a collection of knowledge elements, the storing universally representing knowledge obtained from the data.
10706358	LOSSLESS PARSING WHEN STORING KNOWLEDGE ELEMENTS WITHIN A UNIVERSAL COGNITIVE GRAPH. A computer-implementable method for managing a cognitive graph comprising: receiving data from a data source; determining whether the data comprises text; processing the data, the processing comprising performing a parsing operation on the data, the processing the data identifying a plurality of knowledge elements based upon the parsing operation; and, storing the knowledge elements within the cognitive graph as a collection of knowledge elements, the storing universally representing knowledge obtained from the data.
10706360	Healthcare Industry Optimized Cognitive Information Processing System Environment. A cognitive information processing system environment comprising: a plurality of data sources, at least some of the plurality of data sources comprising healthcare relevant data sources; a cognitive inference and learning system coupled to receive a data from the plurality of data sources, the cognitive inference and learning system processing the data from the plurality of data sources to provide cognitively processed healthcare relevant insights, the cognitive inference and learning system further comprising performing a learning operation to iteratively improve the cognitively processed healthcare relevant insights over time; and, a destination, the destination receiving the cognitively processed healthcare relevant insights.
10719766	Universal Cognitive Graph Architecture. A computer-implementable method for managing a cognitive graph comprising: receiving data from a plurality of data sources; processing the data from the plurality of data sources, the processing the data from the plurality of data sources identifying a plurality of knowledge elements; and, storing the knowledge elements within the cognitive graph as a collection of knowledge elements, the storing universally representing knowledge obtained from the data.
10726355	Parent Company Industry Classifier. In an example embodiment, a solution that automatically predicts an industry for a candidate company is provided. An existing industry classifier is trained using a first machine learning algorithm, the first machine learning algorithm taking as input first training data and existing industries listed in an industry taxonomy. A new industry classifier is trained using a second machine learning algorithm, the second machine learning algorithm taking as input second training data and new industries listed in an industry taxonomy. Then the candidate company is fed into the existing industry classifier, producing one or more predicted existing industries corresponding to the candidate company. The candidate company is also fed into the new industry classifier, producing one or more predicted new industries corresponding to the candidate company. One or more final predicted industries are selected from among the one or more predicted existing industries and the one or more predicted new industries.
10727454	BATTERY WITH ENHANCED RESISTANCE TO DENDRITE FORMATION. A battery includes a case having a feedthrough port, a feedthrough assembly disposed in the feedthrough port, and a cell stack disposed within the case. The feedthrough port includes an inner conductor and an insulator core separating the inner conductor from the case. The cell stack includes an anode, a cathode, and a separator insulating the anode from the cathode, wherein the anode and cathode are offset from one another. An insulating boot surrounding the cell stack insulates the cell stack from the case. The insulating boot has an opening configured to receive therein the feedthrough assembly, which may include overmolded insulation. The interior surfaces and interior walls of the battery case may be thermal spray-coated with a dielectric material to prevent lithium dendrite formation between cathode and anode surfaces.
10733677	METHOD AND SYSTEM FOR PROVIDING DOMAIN-SPECIFIC AND DYNAMIC TYPE AHEAD SUGGESTIONS FOR SEARCH QUERY TERMS WITH A CUSTOMER SELF-SERVICE SYSTEM FOR A TAX RETURN PREPARATION SYSTEM. Disclosed methods and systems provide domain-specific type ahead suggestions for search query terms with a customer self-service system for a tax return preparation system, according to one embodiment. Type ahead suggestions include suggestions for completing a single search query term and/or suggestions for completing a search query having multiple search query terms. The customer self-service system receives one or more search query terms in a search text box, searches for potential search queries that are likely to complete the one or more search query terms, and provides a selected one of the potential search queries in the search text box as a type ahead suggestion, adjacent to the received one or more search query terms, according to one embodiment. The customer self-service system selects one of the potential search queries based on the received search query terms, the user's profile, and/or the user's tax data, according to one embodiment.
10734682	ELECTROLYTIC SOLUTION. An electrolytic solution containing a specific organic solvent at a mole ratio of 1-8 relative to a metal salt, the specific organic solvent being selected from a linear carbonate represented by general formula (1-1) below, an ester represented by general formula (1-2) below, and a phosphoric ester represented by general formula (1-3) below, the metal salt being a metal salt whose cation is an alkali metal, an alkaline earth metal, or aluminum and whose anion has a chemical structure including two or three types of elements selected from boron, carbon, oxygen, a halogen, phosphorus, and arsenic, wherein R10OCOOR11 general formula (1-1) R12COOR13 general formula (1-2) OP(OR14)(OR15)(OR16) general formula (1-3).
10734683	ADDITIVE CONTAINING ELECTROLYTES FOR HIGH ENERGY RECHARGEABLE METAL ANODE BATTERIES. Electrolytes for use in commercially viable, rechargeable lithium metal batteries are described. The electrolytes contain one or more lithium salts, one or more organic solvents, and one or more additives. The electrolytes allow for reversible deposition and dissolution of lithium metal. Specific additives or additive combinations dramatically improved cycle life, decrease cell swelling, and/or lower cell impedance.
10749186	Method for Manufacturing Platinum Catalyst, and Fuel Cell Including the Same. A platinum core-shell catalyst that uses palladium (Pd) as a core metal, or a platinum catalyst containing platinum and a metal besides platinum is manufactured industrially on a mass scale. The platinum catalyst is supported on carbon and has excellent oxygen reduction activity. The platinum catalyst is made for a fuel cell by bringing about the presence of a chemical species imparting higher potential than the initial oxide formation potential of the platinum of the platinum catalyst, and by bringing about the presence of a chemical species imparting lower potential than the initial oxide formation potential of the platinum of the platinum catalyst. The manufacture is carried out in a dispersion solution of the platinum catalyst dispersed in an acidic solution containing protons.
10763497	POSITIVE ELECTRODE ACTIVE MATERIAL FOR SECONDARY BATTERY, AND SECONDARY BATTERY COMPRISING THE SAME. The present invention provides a positive electrode active material for a secondary battery, the positive electrode active material including a lithium composite metal oxide particle represented by Formula 1 below, and a secondary battery including the same. LiaNi1−x−yCoxM1yM2zM3wO2 [Formula 1] In Formula 1, M1 is a metal element whose surface energy (ΔEsurf) calculated by Equation 1 below is −0.5 eV or higher, M2 is a metal element whose surface energy (ΔEsurf) calculated by Equation 1 below is −1.5 eV or higher and less than −0.5 eV, M3 is a metal element whose surface energy (ΔEsurf) calculated by Equation 1 below is less than −1.5 eV, and 1.0≤a≤1.5, 0<x≤0.5, 0<z≤0.05, 0.002≤w≤0.1, 0<x+y≤0.7. Δ   E surf =  E surf   2 - E surf   1 =  ( E slab   2 - E bulk ) - ( E slab   1 - E bulk ) [ Equation   1 ] In Equation 1 above, Esurf2 represents an extent to which a metal element is oriented toward the outermost surface of the lithium composite metal oxide particle, Esurf1 represents an extent to which the metal element is oriented toward a central portion of the lithium composite metal oxide particle, Eslab1 is energy of a slab model of the lithium composite metal oxide particle when the metal element is at the central portion of the lithium composite metal oxide particle, Eslab2 is energy of a slab model of the lithium composite metal oxide when the metal element is at the outermost surface of the lithium composite metal oxide, and Ebulk is energy of a bulk model corresponding to each of the slab models.
10769535	INGESTION PIPELINE FOR UNIVERSAL COGNITIVE GRAPH. A system comprising: a processor; a data bus coupled to the processor; and a non-transitory, computer-readable storage medium embodying computer program code, the non-transitory, computer-readable storage medium being coupled to the data bus. The computer program code interacting with a plurality of computer operations and comprising instructions executable by the processor and configured for: receiving data from a data source; determining whether the data comprises text; processing the data, the processing comprising performing a natural language processing operation on the data, the processing the data identifying a plurality of knowledge elements based upon the natural language processing operation; and, storing at least some of the knowledge elements within the cognitive graph as a collection of knowledge elements, the storing universally representing knowledge obtained from the data.
10769537	COGNITIVE QUESTION ANSWERING PIPELINE BLENDING. An answer to a question may selected from answers from a set of answering pipelines. Question answer data can be generated for a question, using a first answering pipeline. Another set of question answer data can be generated for the second question, using the second answering pipeline. The question answer data can include answers and confidence values for each answer. Using a weighting formula and a blending profile for the first answering pipeline, a vote weight can be determined for an answer with the highest confidence value. The same weighting formula and a second blending profile may be used to determine a vote weight for another answer with the highest confidence value. An answer to the question may be selected from the answers, based on the overall highest vote weight.
10769549	Management and Evaluation of Machine-Learned Models Based on Locally Logged Data. The present disclosure provides systems and methods for the management and/or evaluation of machine-learned models based on locally logged data. In one example, a user computing device can obtain a machine-learned model (e.g., from a server computing device) and can evaluate at least one performance metric for the machine-learned model. In particular, the at least one performance metric for the machine-learned model can be evaluated relative to data that is stored locally at the user computing device. The user computing device and/or the server computing device can determine whether to activate the machine-learned model on the user computing device based at least in part on the at least one performance metric. In another example, the user computing device can evaluate a plurality of machine-learned models against locally stored data. At least one of the models can be selected based on the evaluated performance metrics.
10770765	BATTERY MODULE WITH IMPROVED FRAME STRUCTURE AND FRAME ASSEMBLY FOR THE BATTERY MODULE. Disclosed is a battery module, which includes a cell assembly composed of a plurality of cells, and a frame assembly having a bottom plate supporting the cell assembly from a lower portion, a side plate perpendicular to the bottom plate and disposed adjacent to an outermost side of the cell assembly, and a top plate covering an upper portion of the cell assembly, wherein a groove forming an external air inflow space between the side plate and the cell assembly is formed at the side plate to elongate in a length direction thereof.
10789540	SYSTEMS AND METHODS FOR EMBEDDING PROBLEMS INTO AN ANALOG PROCESSOR. Generate an automorphism of the problem graph, determine an embedding of the automorphism to the hardware graph and modify the embedding of the problem graph into the hardware graph to correspond to the embedding of the automorphism to the hardware graph. Determine an upper-bound on the required chain strength. Calibrate and record properties of the component of a quantum processor with a digital processor, query the digital processor for a range of properties. Generate a bit mask and change the sign of the bias of individual qubits according to the bit mask before submitting a problem to a quantum processor, apply the same bit mask to the bit result. Generate a second set of parameters of a quantum processor from a first set of parameters via a genetic algorithm.
10793162	METHOD AND SYSTEM FOR PREDICTING DRIVING PATH OF NEIGHBORING VEHICLE. A method and system for predicting a driving path of a neighboring vehicle which may influence a subject vehicle is provided. The subject vehicle detects a segment adjacent to the neighboring vehicle which is currently driven and searches all segments connected to the segment. The method prevents a collision between the subject vehicle and the neighboring vehicle that occurs due to misrecognition of a position, a driving direction, or velocity of the neighboring vehicle, and more accurately predicts the driving path of the neighboring vehicle. The method includes receiving information of a neighboring road on which a subject vehicle is driven from a detailed map and detecting a segment showing the neighboring vehicle which is being currently driven from the information of the neighboring road. Segments are detected that are connected to the segment and the driving path of the neighboring vehicle is predicted.
10795878	System and Method for Identifying Answer Key Problems in a Natural Language Question and Answering System. A system and a computer program product are provided for evaluating question-answer pairs in an answer key by comparing a first answer key answer to a plurality of candidate answers to determine if the answer key may have a problem if the plurality of candidate answers are more similar to one another than to the first answer and to determine if the plurality of candidate answers has gradient information which may be used to update the answer key if not already included in the answer key.
10796227	Ranking of Parse Options Using Machine Learning. A system comprising: a processor; a data bus coupled to the processor; and a non-transitory, computer-readable storage medium embodying computer program code, the non-transitory, computer-readable storage medium being coupled to the data bus. The computer program code interacting with a plurality of computer operations and comprising instructions executable by the processor and configured for: receiving data from a data source; processing the data, the processing comprising performing a parsing operation on the data, the processing the data identifying a plurality of knowledge elements based upon the parsing operation, the parsing operation comprising ranking of parse options; and, storing the knowledge elements within the cognitive graph as a collection of knowledge elements, the storing universally representing knowledge obtained from the data.
10797303	SILICON-BASED ANODE ACTIVE MATERIAL AND PREPARATION METHOD THEREFOR. The present invention relates to a silicon-based anode active material and a method of fabricating the same. The silicon-based anode active material according to an embodiment of the present invention comprises: particles comprising silicon and oxygen combined with the silicon, wherein a carbon-based conductive layer is coated with on outermost surface of the particles; and phosphorus doped in the particles, wherein a content of the phosphorus with respect to a total weight of the particles and the phosphorus doped in the particles have a range of 0.01 wt % to 15 wt %, and a content of the oxygen has a range of 9.5 wt % to 25 wt %.
10797314	COMPLIANT SOLID-STATE IONICALLY CONDUCTIVE COMPOSITE MATERIALS AND METHOD FOR MAKING SAME. Provided herein are ionically conductive solid-state compositions that include ionically conductive inorganic particles in a matrix of an organic material. The resulting composite material has high ionic conductivity and mechanical properties that facilitate processing. In particular embodiments, the ionically conductive solid-state compositions are compliant and may be cast as films. In some embodiments of the present invention, solid-state electrolytes including the ionically conductive solid-state compositions are provided. In some embodiments of the present invention, electrodes including the ionically conductive solid-state compositions are provided. The present invention further includes embodiments that are directed to methods of manufacturing the ionically conductive solid-state compositions and batteries incorporating the ionically conductive solid-state compositions.
10818965	CERAMIC GARNET BASED IONICALLY CONDUCTING MATERIAL. Disclosed is a ceramic material having a formula of LiwAxM2Re3-yOz, wherein w is 5-7.5; wherein A is selected from B, Al, Ga, In, Zn, Cd, Y, Sc, Mg, Ca, Sr, Ba, and any combination thereof; wherein x is 0-2; wherein M is selected from Zr, Hf, Nb, Ta, Mo, W, Sn, Ge, Si, Sb, Se, Te, and any combination thereof; wherein Re is selected from lanthanide elements, actinide elements, and any combination thereof; wherein y is 0.01-0.75; wherein z is 10.875-13.125; and wherein the material has a garnet-type or garnet-like crystal structure. The ceramic garnet based material is ionically conducting and can be used as a solid state electrolyte for an electrochemical device such as a battery or supercapacitor.
10818979	SINGLE SIDED REUSABLE BATTERY INDICATOR. A reusable battery indicator includes a voltage sensor, a communication circuit communicatively connected to the voltage sensor, an antenna operatively coupled to the communication circuit, and a connection mechanism having a first connector and a retainer. The first connector and the retainer are electrically connected to the voltage sensor, and the first connector is adapted to be removably connected to a first battery terminal, thereby providing an electrical connection between the voltage sensor and the first battery terminal. The retainer is adapted to removably secure the voltage sensor to a can of a battery, thereby providing an electrical connection between the voltage sensor and the can of the battery. An electrical circuit is completed between the voltage sensor and the first battery terminal and between the voltage sensor and the can.
10846591	Configurable and Programmable Multi-Core Architecture with a Specialized Instruction Set for Embedded Application Based on Neural Networks. A programmable architecture specialized for convolutional neural networks (CNNs) processing such that different applications of CNNs may be supported by the presently disclosed method and apparatus by reprogramming the processing elements therein. The architecture may include an optimized architecture that provides a low-area or footprint and low-power solution desired for embedded applications while still providing the computational capabilities required for CNN applications that may computationally intensive, requiring a huge number of convolution operations per seconds to process inputs such as video streams in real time.
10847833	GLASS-CERAMIC ELECTROLYTES FOR LITHIUM-SULFUR BATTERIES. The present invention relates to a lithium-sulfur electrochemical cell comprising as component (A) an electrode comprising lithium metal or lithium alloy, and lithium ion conductively connected thereto as component (B) a glass ceramic membrane comprising an amorphous phase, as component (C) a liquid electrolyte comprising at least one solvent and at least one lithium salt, as component (D) an electrode comprising sulfur as a cathode active species. The present invention also relates to battery comprising a lithium-sulfur electrochemical cell as defined herein. The present invention further relates to the use of a glass ceramic membrane as defined herein as a separator in (i) a lithium-sulfur electrochemical cell, or (ii) a battery comprising at least one lithium-sulfur electrochemical cell.
10860932	Universal Graph Output Via Insight Agent Accessing the Universal Graph. A system comprising: a processor; a data bus coupled to the processor; and a non-transitory, computer-readable storage medium embodying computer program code, the non-transitory, computer-readable storage medium being coupled to the data bus. The computer program code interacting with a plurality of computer operations and comprising instructions executable by the processor and configured for: receiving data from a plurality of data sources; processing the data from the plurality of data sources, the processing the data from the plurality of data sources identifying a plurality of knowledge elements; and, storing the knowledge elements within the cognitive graph as a collection of knowledge elements, the storing universally representing knowledge obtained from the data; and, generating a cognitive insight based upon the collection of knowledge elements stored within the cognitive graph, the generating the cognitive insight using an insight agent to access the collection of knowledge elements.
10860933	Universal Graph Output Via Insight Agent Accessing the Universal Graph. A computer-implementable method for generating an insight comprising: receiving data from a plurality of data sources; processing the data from the plurality of data sources, the processing the data from the plurality of data sources identifying a plurality of knowledge elements; and, storing the knowledge elements within the cognitive graph as a collection of knowledge elements, the storing universally representing knowledge obtained from the data; and, generating a cognitive insight based upon the collection of knowledge elements stored within the cognitive graph, the generating the cognitive insight using an insight agent to access the collection of knowledge elements.
10860934	Universal Cognitive Graph Having Persistent Knowledge Elements. A system comprising: a processor; a data bus coupled to the processor; and a non-transitory, computer-readable storage medium embodying computer program code, the non-transitory, computer-readable storage medium being coupled to the data bus. The computer program code interacting with a plurality of computer operations and comprising instructions executable by the processor and configured for: receiving data from a plurality of data sources; processing the data from the plurality of data sources, the processing the data from the plurality of data sources identifying a plurality of knowledge elements; and, storing the knowledge elements within the cognitive graph as a collection of knowledge elements, the storing universally representing knowledge obtained from the data, each knowledge element of the collection of knowledge elements being persisted in its original form.
10860936	Universal Quantification of Knowledge Elements Within a Cognitive Graph. A system comprising: a processor; a data bus coupled to the processor; and a non-transitory, computer-readable storage medium embodying computer program code, the non-transitory, computer-readable storage medium being coupled to the data bus. The computer program code interacting with a plurality of computer operations and comprising instructions executable by the processor and configured for: receiving data from a plurality of data sources; processing the data from the plurality of data sources, the processing the data from the plurality of data sources identifying a plurality of knowledge elements; and, storing the knowledge elements within the cognitive graph as a collection of knowledge elements, the storing universally representing knowledge obtained from the data, each knowledge element being structurally defined within the cognitive graph.
10862105	PROTECTED ELECTRODE STRUCTURES. An electrode structure and its method of manufacture are disclosed. The disclosed electrode structures may be manufactured by depositing a first release layer on a first carrier substrate. A first protective layer may be deposited on a surface of the first release layer and a first electroactive material layer may then be deposited on the first protective layer.
10868305	COMPOSITE CATHODE ACTIVE MATERIAL, CATHODE AND LITHIUM BATTERY CONTAINING THE SAME, AND METHOD OF PREPARING THE COMPOSITE CATHODE ACTIVE MATERIAL. A composite cathode active material includes a first cathode active material including a core including a first lithium transition metal oxide represented by Formula 1 and having a first layered crystalline phase that belongs to a R-3m space group; and a coating layer disposed on the core and including a second lithium transition metal oxide having a plurality of layered crystalline phases, wherein each layered crystalline phase of the plurality of layered crystalline phases has a different composition: LiaMO2 Formula 1 wherein, in Formula 1, 1.0≤a≤1.03; and M includes nickel and an element including a Group 4 element to a Group 13 element other than nickel.
10868332	Modified Ionic Liquids Containing Phosphorus. The present disclosure is directed to a phosphorus-modified ionic liquid compound, the synthesis thereof and an electrochemical cell electrolyte containing the phosphorus-modified ionic liquid compound.
10873079	LOW RESISTANCE, MULTIVALENT METAL ANODES. A low resistance multivalent metal anode is provided. The metal is present in the anode as a Riecke highly active particle. Anode resistivity of 1000 Ω·cm2or lower can be obtained. Metals employed include magnesium, calcium, zinc and aluminum. Electrochemical cells containing the low resistance multivalent metal anodes are also provided.
10879515	BUS BAR MODULE. A bus bar module includes a plurality of bus bars, a plate-shaped housing case, and a plurality of voltage detection conductors. Each of the bus bars is connected to two or more electrode terminals in an electrode terminal group. The housing case has a plurality of bus bar housing spaces housing the respective bus bars, and has insulation property. The voltage detection conductors are each connected to the bus bars. The bus bars are each disposed in the bus bar housing spaces while separated from the inner peripheral surfaces forming the bus bar housing spaces. The housing case includes a pair of support connecting sections that support the corresponding bus bar with respect to the housing case, in each of the bus bar housing spaces. Each of the support connecting sections has elastic deformation sections allowing elastic deformation in an arrangement direction.
10892478	NEGATIVE ELECTRODE ACTIVE MATERIAL FOR SECONDARY BATTERY AND PREPARING METHOD THEREOF. Provided are a negative electrode active material for a secondary battery, which suppresses a dispersal phenomenon of a negative electrode active material during charging/discharging by controlling a lattice mismatch ratio of an amorphous matrix layer to a silicon layer in a silicon-based negative electrode active material.
10892492	METAL OXIDE CATHODE. An essentially carbon-free cathode for a lithium/air secondary battery and methods for making are provided. The cathode includes a hollow porous conductive metal oxide particle such as indium tin oxide, an optional functional layer, and an electrically conductive binder.
10892507	REFORMER-ELECTROLYZER-PURIFIER (REP) ASSEMBLY FOR HYDROGEN PRODUCTION, SYSTEMS INCORPORATING SAME AND METHOD OF PRODUCING HYDROGEN. A high temperature electrolyzer assembly comprising at least one electrolyzer fuel cell including an anode and a cathode separated by an electrolyte matrix, and a power supply for applying a reverse voltage to the at least one electrolyzer fuel cell, wherein a gas feed comprising steam and one or more of CO2 and hydrocarbon fuel is fed to the anode of the at least one electrolyzer fuel cell, and wherein, when the power supply applies the reverse voltage to the at least one electrolyzer fuel cell, hydrogen-containing gas is generated by an electrolysis reaction in the anode of the at least one electrolyzer fuel cell and carbon dioxide is separated from the hydrogen-containing gas so that the at least one electrolyzer fuel cell outputs the hydrogen-containing gas and separately outputs an oxidant gas comprising carbon dioxide and oxygen.
10930915	Coupling Tolerance Accommodating Contacts or Leads for Batteries. A battery assembly includes a battery cell with leads extending from the battery and a circuit including a substrate and contacts that extend from the substrate. The leads are coupled to the contacts by mechanical or adhesive bonds located on sections of the contacts extending from the substrate. In various implementations, the circuit may include a variety of different components coupled to the substrate. Such components may be operable to perform a variety of functions such as regulating, monitoring, controlling, and/or otherwise managing the battery cell. Such components may include one or more battery management units, safety circuits, capacity gauges, and/or other components.
10930937	FLOW BATTERIES INCORPORATING ACTIVE MATERIALS CONTAINING DOUBLY BRIDGED AROMATIC GROUPS. Electrolyte solutions for flow batteries and other electrochemical systems can contain an active material that is capable of transferring one or more electrons per molecule during an oxidation-reduction cycle. Doubly bridged aromatic groups or their coordination compounds can be particularly suitable active materials. Flow batteries can include a first half-cell containing a first electrolyte solution, and a second half-cell containing a second electrolyte solution, in which at least one of the first electrolyte solution and the second electrolyte solution contains an active material having at least two aromatic groups doubly bridged by a carbonyl moiety and a bridging moiety containing a bridging atom selected from carbon, nitrogen, oxygen, sulfur, selenium and tellurium. Such bridged compounds can directly function as the active material, or coordination compounds containing the bridged compounds as at least one ligand can serve as the active material.
10944118	FUEL CELL SYSTEM FOR PREVENTING FLOODING OF A FUEL CELL STACK. A fuel cell system includes a fuel cell stack having a cathode and an anode, a humidifier configured to humidify air that is to be supplied to the cathode, an air supply unit configured to supply the air to the humidifier, and a controller. The controller is configured to adjust a flow rate of the air supplied from the air supply unit, based on a supply of the humidifier, to prevent flooding of the fuel cell stack.
10949765	AUTOMATED INFERENCE OF EVIDENCE FROM LOG INFORMATION. A device may receive a first sample. The device may identify a plurality of second samples that are similar to the first sample. The plurality of second samples may correspond to service tickets that have previously been processed. The device may obtain or determine log information identifying a plurality of events associated with the first sample. The device may determine respective probabilities of occurrence corresponding to the plurality of second samples. A probability of occurrence, for a particular second sample, may identify a likelihood of receiving a corresponding service ticket within a particular time period of occurrence of the plurality of events. The device may assign ranks to the plurality of second samples based on the respective probabilities of occurrence. The device may provide information identifying the ranks and the plurality of second samples.
9130228	LITHIUM ION OXYGEN BATTERY. A lithium ion oxygen battery capable of achieving a high energy density without being decreased in performance due to moisture or carbon dioxide in the atmosphere is provided. A lithium ion oxygen battery 1 comprises a positive electrode 2 containing oxygen as an active material and a lithium source, a negative electrode 3 made of a material capable of occluding or releasing lithium ions, and an electrolyte layer 4 sandwiched between the positive electrode 2 and the negative electrode 3 and capable of conducting the lithium ions. The positive electrode 2, the negative electrode 3, and the electrolyte layer 4 are housed in a hermetic case 5. The positive electrode 2 comprises an oxygen storage material and a lithium compound (excluding a combined metal oxide of lithium and another metal) as the lithium source.
9171248	ELECTRONIC CIRCUIT WITH NEUROMORPHIC ARCHITECTURE. Neuromorphic circuits are multi-cell networks configured to imitate the behavior of biological neural networks. A neuromorphic circuit is provided which comprises a network of neurons each identified by a neuron address in the network, each neuron being able to receive and process at least one input signal and then later emit on an output of the neuron a signal representing an event which occurs inside the neuron, and a programmable memory composed of elementary memories each associated with a respective neuron. The elementary memory, which is a memory of post-synaptic addresses and weights, comprises an activation input linked by a conductor to the output of the associated neuron to directly receive an event signal emitted by this neuron without passing through an address encoder or decoder. The post-synaptic addresses extracted from an elementary memory activated by a neuron are applied, with associated synaptic weights, as inputs to the neural network.
9269952	POSITIVE ACTIVE MATERIAL FOR ALKALINE SECONDARY BATTERY, METHOD FOR MANUFACTURING THE SAME AND ALKALINE SECONDARY BATTERY. A positive active material for an alkaline secondary battery having a core layer containing nickel hydroxide and a conductive auxiliary layer which coats the surface of the core layer, wherein the conductive auxiliary layer contains a cobalt oxyhydroxide phase and a cerium dioxide phase, and the active material contains lithium.
9406015	TRANSFORM FOR A NEUROSYNAPTIC CORE CIRCUIT. Embodiments of the present invention provide a method for feature extraction comprising generating synaptic connectivity information for a neurosynaptic core circuit. The core circuit comprises one or more electronic neurons, one or more electronic axons, and an interconnect fabric including a plurality of synapse devices for interconnecting the neurons with the axons. The method further comprises initializing the interconnect fabric based on the synaptic connectivity information generated, and extracting a set of features from input received via the electronic axons. The set of features extracted comprises a set of features with reduced correlation.
9412063	TRANSFORM ARCHITECTURE FOR MULTIPLE NEUROSYNAPTIC CORE CIRCUITS. Embodiments of the present invention provide a method for feature extraction using multiple neurosynaptic core circuits including one or more input core circuits for receiving input and one or more output core circuits for generating output. The method comprises receiving a set of input data via the input core circuits, and extracting a first set of features from the input data using the input core circuits. Each feature of the first set of features is based on a subset of the input data. The method further comprises reordering the first set of features using the input core circuits, and generating a second set of features by combining the reordered first set of features using the output core circuits. The second set of features comprises a set of features with reduced correlation. Each feature of the second set of features is based on the entirety of said set of input data.
9419297	FUEL CELL MODULE. A fuel cell module includes a first area where an exhaust gas combustor and a start-up combustor are provided, an annular second area around the first area where a heat exchanger is provided, an annular third area around the second area where a reformer is provided, an annular fourth area around the third area where an evaporator is provided, and a first partition member provided between the first area and the second area. The first partition member has a combustion gas hole for allowing the combustion gas to flow from the first area to the second area. A baffle circular member is provided inside the first partition member, between the exhaust gas combustor and the start-up combustor.
9489619	Method For The Computer-Assisted Modeling Of A Technical System. A method for computer-assisted modeling of a technical system is disclosed. At multiple different operating points, the technical system is described by a first state vector with first state variable(s) and by a second state vector with second state variable(s). A neural network comprising a special form of a feed-forward network is used for the computer-assisted modeling of said system. The feed-forward network includes at least one bridging connector that connects a neural layer with an output layer, thereby bridging at least one hidden layer, which allows the training of networks with multiple hidden layers in a simple manner with known learning methods, e.g., the gradient descent method. The method may be used for modeling a gas turbine system, in which a neural network trained using the method may be used to estimate or predict nitrogen oxide or carbon monoxide emissions or parameters relating to combustion chamber vibrations.
9531004	MULTIFUNCTIONAL HYBRID COATINGS FOR ELECTRODES MADE BY ATOMIC LAYER DEPOSITION TECHNIQUES. An electroactive material for use in an electrochemical cell, like a lithium ion battery, is provided. The electroactive material comprises a multifunctional hybrid protective coating system formed over an electroactive material. The coating system includes a first oxide-based coating disposed on one or more surfaces of the electroactive material, followed by a second coating deposited via a non-aqueous process. The second coating may be a fluoride-based, nitride-based, or carbide-based coating. The first and second coatings may be applied by atomic layer deposition (ALD) to form conformal ultrathin layers over the electroactive materials. Such a multifunctional hybrid protective coating system can suppress formation of gases within the electrochemical cell and also minimize formation of solid electrolyte interface (SEI) layers on the electrode to improve battery performance. Methods for making such materials and using such materials in electrochemical cells are likewise provided.
9533631	BATTERY MOUNTING STRUCTURE FOR VEHICLE. A corrugated plate portion of a core panel is sandwiched between an upper panel and a lower panel, and is formed in a shape in which upwardly-facing concave portions, that open toward a side of the upper panel and extend in a vehicle transverse direction, and downwardly-facing concave portions, that open toward a side of the lower panel and extend in the vehicle transverse direction, are lined-up alternately. A sum of contact surface areas of the upper panel and bottom wall portion sides of the downwardly-facing concave portions at the corrugated plate portion is smaller than a sum of contact surface areas of the lower panel and bottom wall portion sides of the upwardly-facing concave portions at the corrugated plate portion.
9552550	TRAFFIC SHAPING BASED ON PREDICTED NETWORK RESOURCES. In one embodiment, a committed information rate (CR) prediction is received from a machine learning model that corresponds to a predicted average traffic rate supported by a network connection. A traffic shaping strategy is adjusted based on the CR prediction. A rate at which data is communicated over the network connection may be based on the traffic shaping policy. The effects of the adjusted traffic shaping strategy are also monitored. Feedback is further provided to the machine learning model based on the monitored effects of the adjusted traffic shaping strategy.
9564639	HIGH PERFORMANCE SILICON ELECTRODES HAVING IMPROVED INTERFACIAL ADHESION BETWEEN BINDER AND SILICON. Methods for making a negative electrode material for use in an electrochemical cell, like a lithium ion battery, are provided. The electroactive material comprises silicon. The electroactive material comprises a functionalized surface having a grafted reactive group (e.g., an epoxide group, an amino group, a carboxyl group, and the like). The functionalized surface is admixed and reacted with a polymeric binder (e.g., polyalkylene oxide (PAO), polyvinylidene difluoride (PVDF), polymethylmethacrylate (PMMA), polyimide (PI), and the like that also has at least one reactive functional group) and optionally electrically conductive particles. A porous solid electrode material is thus formed. Negative electrodes are also provided, which provide significant performance benefits and reduce the issues associated with capacity fade, diminished electrochemical cell performance, cracking, and short lifespan associated with conventional silicon anode materials.
9566876	VEHICLE WITH FUEL CELL MOUNTED THEREIN. A vehicle includes a fuel cell having a cell stack and an end plate provided to receive pressing force, the end plate having such a strength as to resist the pressing force; and a vehicle-side stack frame on which the fuel cell is mounted in a vehicle underfloor region in such a mounting posture that fuel-cell unit cells are stacked horizontally. The vehicle-side stack frame is built over a range from an end plate side to the other end side of the cell stack in the stacking direction of the fuel-cell unit cells in an occupation area occupied by the fuel cell in the mounting posture in the vehicle underfloor region. In a region where it is assumed that external force can reach the occupation area in the vicinity of the end plate, the vehicle-side stack frame has a shortest distance to the end plate that is smaller than a shortest distance to any other members in the vicinity of the end plate.
9595711	POSITIVE ELECTRODE ACTIVE MATERIAL, PREPARATION METHOD THEREOF, AND LITHIUM BATTERY INCLUDING THE SAME. A positive electrode active material including: a lithium complex oxide represented by Formula 1; and a carbon coating layer disposed on the lithium complex oxide, wherein, in a C1s XPS spectrum of the positive electrode active material, a peak intensity of a first peak at a binding energy from about 288 eV to about 293 eV is greater than a peak intensity of a second peak at a binding energy from about 283 eV to about 287 eV, and in an O1s X-ray photoelectron spectrum of the positive electrode active material, a peak intensity of a third peak at a binding energy from about 530.5 eV to about 535 eV is greater than a peak intensity of a fourth peak at a binding energy from about 527.5 electron volts to about 530 electron volts, LiaMbM′cM″dOe. Formula 1
9608245	SYSTEM FOR PROVIDING STRUCTURAL INTEGRITY OF A BATTERY MODULE. A battery module includes a housing configured to receive a plurality of electrochemical cells, a skeletal frame coupled with the housing, and a framework disposed proximate to the skeletal frame. Moreover, the framework is substantially aligned with the skeletal frame and configured to transfer a force applied to the framework to the skeletal frame.
9646262	DATA INTELLIGENCE USING MACHINE LEARNING. Apparatuses, systems, methods, and computer program products are presented for performing data analytics using machine learning. An unsupervised learning module is configured to assemble an unstructured data set into multiple versions of an organized data set. A supervised learning module is configured to generate one or more machine learning ensembles based on each version of multiple versions of an organized data set and to determine which machine learning ensemble exhibits a highest predictive performance.
9666893	HYDROTHERMAL TREATMENT METHOD FOR PRODUCING REDOX-ACTIVE TRANSITION METAL COORDINATION COMPOUNDS. A method for producing an aqueous electrolyte comprising a redox-active coordination compound of a transition metal which comprises reacting an oxide of the corresponding transition metal in an aqueous reaction medium with a chelating agent in a hydrothermal reaction zone at a temperature in the range of from 100° C. to 160° C. for a period of from 4 hours to 48 hours.
9711770	Laminar Battery System. A battery system comprises a plurality of substantially planar layers extending over transverse areas. The plurality of layers comprises at least one cathode layer, at least one anode layer, and at least one separator layer therebetween.
9716274	CATHODE ACTIVE MATERIAL FOR SODIUM BATTERIES, AND SODIUM BATTERY. A cathode active material for sodium batteries has excellent discharge capacity, and a sodium battery has the cathode active material for sodium batteries. A cathode active material for sodium batteries is represented by a general formula Na4CO(3-x)Mx(PO4)2P2O7; M is any of Fe, Cr, Mn and Al; X is 0.015≦x≦0.21 when M is Fe; X is 0.03≦x≦0.18 when M is Cr; X is 0.006≦x≦0.24 when M is Mn; and X is 0.03≦x≦0.06 when M is Al.
9728768	PROTECTED ELECTRODE STRUCTURES AND METHODS. An electrode structure and its method of manufacture are disclosed. The disclosed electrode structures may be manufactured by depositing a first release layer on a first carrier substrate. A first protective layer may be deposited on a surface of the first release layer and a first electroactive material layer may then be deposited on the first protective layer.
9728770	STORAGE BATTERY ELECTRODE, MANUFACTURING METHOD THEREOF, STORAGE BATTERY, AND ELECTRONIC DEVICE. In manufacture of a storage battery electrode containing graphene as a conductive additive, the efficiency of reduction of graphene oxide is reduced with high efficiency under mild conditions, and cycle characteristics and rate characteristics of a storage battery are improved. Provided is a manufacturing method of a storage battery electrode. In the manufacturing method, a paste containing an active material, a binder, graphene oxide, and a solvent is formed; the paste is applied to a current collector and the solvent contained in the paste is evaporated to form an active material layer; the active material layer is immersed in a liquid containing alcohol; and the active material layer is taken out from the liquid and heated so that the graphene oxide is reduced.
9735411	POLYMER FOR USE AS PROTECTIVE LAYERS AND OTHER COMPONENTS IN ELECTROCHEMICAL CELLS. Polymers for use as protective layers and other components in electrochemical cells are provided. In some embodiments, the electrochemical cell is a lithium-based electrochemical cell.
9798977	Method for Providing Cognitive Insights Using Cognitive Agents. A computer-implementable method for providing cognitive insights comprising: receiving streams of data from a plurality of data sources; processing streams of data from a plurality of data sources via a plurality of agents, the processing the streams of data from the plurality of data sources via the plurality of agents performing a respective plurality of cognitive operations on the streams of data; and, providing cognitive insights based upon the performing the respective plurality of cognitive operations on the streams of data from the plurality of data sources.
9799886	CATHODE WITH SILVER MATERIAL AND SILICATE DOPANT AND METHOD OF PRODUCING. The present invention provides novel cathodes having a reduced resistivity and other improved electrical properties. Furthermore, this invention also presents methods of manufacturing novel electrochemical cells and novel cathodes. These novel cathodes comprise a silver material that is doped with a silicate material.
9837659	PROCESS FOR LITHIATING NEGATIVE ELECTRODES FOR LITHIUM ION ELECTROCHEMICAL CELLS. Methods for pre-lithiating negative electrodes for lithium-ion electrochemical cells (e.g., batteries) are provided. The methods include disposing a lithium metal source comprising a layer of lithium metal adjacent to a surface of a pre-fabricated negative electrode. The lithium metal source and electrode are heated (e.g., to a temperature of ≧about 100° C.) to transfer a quantity of lithium to the pre-fabricated negative electrode. This lithiation process adds excess active lithium capacity that enables replacement of irreversibly lost lithium during cell formation and cell aging, thus leading to increased battery capacity and improved battery life. The methods may be batch or continuous.
9840127	TEMPERATURE REGULATION SYSTEM AND METHOD FOR ESTIMATING FOREIGN MATTER CLOGGING AMOUNT. A temperature regulation system includes: an electric storage device, installed in a vehicle and configured to perform charge and discharge; an intake duct that leads air of a vehicle interior to the electric storage device; a fan configured to cause the air to be taken into the intake duct; a filter that is provided inside the intake duct and that prevents passage of foreign matter; and a controller that estimates a clogging amount of the foreign matter on the filter. The controller is configured to increase the estimated clogging amount as there increases a total amount of the air that is supplied to the electric storage device accompanying driving of the fan, and the number of times that the vehicle is brought to a state in which air is allowed to flow into and flow out of the vehicle.
9852370	MAPPING GRAPHS ONTO CORE-BASED NEUROMORPHIC ARCHITECTURES. Embodiments of the invention provide a method for mapping a bipartite graph onto a neuromorphic architecture comprising of a plurality of interconnected neuromorphic core circuits. The graph includes a set of source nodes and a set of target nodes. The method comprises, for each source node, creating a corresponding splitter construct configured to duplicate input. Each splitter construct comprises a first portion of a core circuit. The method further comprises, for each target node, creating a corresponding merger construct configured to combine input. Each merger construct comprises a second portion of a core circuit. Source nodes and target nodes are connected based on a permutation of an interconnect network interconnecting the core circuits.
9853318	STABILIZATION OF BATTERY ELECTRODES USING POLYMER COATINGS. An electrochemical device (e.g., a battery (cell)) including: an aqueous electrolyte and one or two electrodes (e.g., an anode and/or a cathode), one or both of which is a Prussian Blue analogue material of the general chemical formula AxP[R(CN)6-jLj]z.nH2O, where: A is a cation; P is a metal cation; R is a transition metal cation; L is a ligand that may be substituted in the place of a CN− ligand; 0≦x≦2; 0≦z≦1; and 0≦n≦5, the electrode including a polymer coating to reduce capacity loss.
9870449	METHODS AND SYSTEMS FOR PREDICTING HEALTH CONDITION OF HUMAN SUBJECTS. Disclosed are methods and systems for classifying one or more human subjects in one or more categories indicative of a health condition of the one or more human subjects. The method includes categorizing one or more parameters of each of the one or more human subjects in one or more data views based on a data type of each of the one or more parameters. A data view corresponds to a first data structure storing a set of parameters categorized in the data view, associated with each of the one or more human subjects. The one or more data views are transformed to a second data structure representative of the set of parameters across the one or more data views. Thereafter, a classifier is trained based on the second data structure, wherein the classifier classifies the one or more human subjects in the one or more categories.
9899647	ONBOARD POWER SUPPLY APPARATUS. An onboard power supply apparatus includes: power storage modules each including power storage devices; a pair of brackets configured to come into contact with respective ends of the power storage modules vertically stacked so as to fix at least an upper power storage module to a vehicle; and an insertion portion that is disposed between at least one of the pair of brackets and an end of one of the power storage modules located between terminal portions of the vertically stacked power storage modules, a connecting member used for connecting the terminal portions of the vertically stacked power storage modules being inserted in the insertion portion.
9899661	Method to Improve LiCoO2 Morphology in Thin Film Batteries. A method for improving the lithium cobalt oxide (LiCoO2) film (such as films in thin film batteries) morphology includes using oxygen (O2) and argon (Ar) gases during sputtering deposition of the LiCoO2 film. This may allow for the manufacturing of thicker LiCoO2 films. Such a method may also significantly reduce or eliminate cracking and obvious columnar structures within the resulting LiCoO2 film layer. Sputtering using a mixture of O2 and Ar also may produce a LiCoO2 film layer that requires lower annealing temperatures to reach good utilization and has higher lithium diffusion rates.
9911518	Cathode Active Material For Lithium-Ion Battery, Cathode For Lithium-Ion Battery and Lithium-Ion Battery. A cathode active material for lithium-ion battery is provided, which provides good battery characteristics such as cycle characteristics. The cathode active material for lithium-ion battery is expressed by the composition formula: LixNi1-yMyOα, wherein M is one or more selected from Ti, Cr, Mn, Fe, Co, Cu, Al, Sn, Mg and Zr; 0.9≦x≦1.2; 0<y≦0.5; and 2.0≦α≦2.2, wherein the crystallite size obtained by analyzing the XRD pattern is 870 Å or more and the unit lattice volume is 101.70 Å3 or less.
9916532	Method for Performing Graph Query Operations within a Cognitive Environment. A method for providing cognitive insights via a cognitive information processing system comprising: receiving data from a plurality of data sources; receiving and processing queries; and, bridging the queries into a cognitive graph.
9917335	METHODS FOR DETERMINING AND CONTROLLING BATTERY EXPANSION. Methods and systems for detecting and compensating for expansion of rechargeable batteries over time. An expansion detector may be coupled to or positioned proximate a rechargeable battery to monitor for expansion thereof. After expansion exceeding a selected threshold is detected, the expansion detector may report the expansion to an associated processing unit. The processing unit may undertake to arrest further rechargeable battery expansion by modifying or changing one or more characteristics of charging and/or discharging circuitry coupled to the rechargeable battery. For example, the processing unit may charge the rechargeable battery at a lower rate or with reduced voltage after detecting expansion.
9923189	ELECTROPHORETIC DEPOSITION OF AN ELECTRODE FOR A LITHIUM-BASED BATTERY. A method for manufacturing an electrode for a lithium-based battery by electrophoretic deposition is provided. The method includes: mixing particles with graphene oxide and a binder in a solution, the particles including a material selected from silicon, silicon oxide, silicon alloys, tin, tin oxide, sulfur, lithium manganese oxide, lithium cobalt oxide, lithium nickel oxide, lithium nickel manganese oxide, and lithium nickel manganese cobalt oxide. The method further includes applying a potential between a current collector and a counter electrode immersed in the solution to deposit a coating of a combination of the particles, at least partially reduced graphene oxide, and binder onto the current collector. The method still further includes drying the coated current collector.
9938308	COORDINATION COMPOUNDS HAVING REDOX NON-INNOCENT LIGANDS AND FLOW BATTERIES CONTAINING THE SAME. Electrolyte solutions for flow batteries and other electrochemical systems can contain an active material capable of transferring more than one electron per oxidation-reduction cycle. Such active materials can include coordination compounds containing a metal center and at least one redox non-innocent ligand. Accordingly, flow batteries can include a first half-cell having a first electrolyte solution therein, where the first electrolyte solution contains a coordination compound having at least one redox non-innocent ligand coordinated to a metal center. Particular redox non-innocent ligands can include those bearing a quinone functional group, such as substituted catecholates bearing a quinone functional group. Some active materials can include compositions containing a coordination compound having at least one redox non-innocent ligand coordinated to a metal center, where the at least one redox non-innocent ligand is a substituted catecholate or a salt thereof bearing a quinone functional group.
9941536	FUEL CELL MODULE. A fuel cell module is made up of a fuel cell stack and fuel cell peripheral equipment. The fuel cell module includes a first area where an exhaust gas combustor and a start-up combustor are provided, an annular second area around the first area and where a reformer and an evaporator are provided, and an annular third area around the second area and where a heat exchanger is provided.
9950704	DEVICE AND METHOD FOR CHARGING CONTROL. Provided is a charging control device that allows the actual state of charge of a secondary battery to converge quickly to an upper limit value given as a control center value when the actual state of charge is higher than the upper limit value so that charging may be performed in an efficient manner and fuel economy may be improved. The charging control device (10) includes a charge/discharge integration unit (23) for computing an integrated charge/discharge value (IW) of the secondary battery, a charge control unit (26) for controlling the charging of the secondary battery such that the recognized state of charge is maintained at a prescribed upper limit value (80%) lower than a fully charged state (100%) by switching a generation voltage of a generator. When a disconnection of a terminal of the secondary battery is detected by a terminal disconnection detection unit (25), the charge control unit (26) prohibits the charging of the secondary battery from then on until the integrated charge/discharge value reaches a prescribed discharge value (−20%).
9966630	ANNEALED GARNET ELECTROLYTE SEPARATORS. Set forth herein are pellets, thin films, and monoliths of lithium-stuffed garnet electrolytes having engineered surfaces. These engineered surfaces have a list of advantageous properties including, but not limited to, low surface area resistance, high Li+ ion conductivity, low tendency for lithium dendrites to form within or thereupon when the electrolytes are used in an electrochemical cell. Other advantages include voltage stability and long cycle life when used in electrochemical cells as a separator or a membrane between the positive and negative electrodes. Also set forth herein are methods of making these electrolytes including, but not limited to, methods of annealing these electrolytes under controlled atmosphere conditions. Set forth herein, additionally, are methods of using these electrolytes in electrochemical cells and devices. The instant disclosure further includes electrochemical cells which incorporate the lithium-stuffed garnet electrolytes set forth herein.
9966632	NON-AQUEOUS ELECTROLYTE AND POWER STORAGE DEVICE USING SAME. Provided are a nonaqueous electrolytic solution having an electrolyte salt dissolved in a nonaqueous solvent, the nonaqueous electrolytic solution containing from 0.001 to 5% by mass of 1,3-dioxane and further containing from 0.001 to 5% by mass of at least one selected from a specified phosphoric acid ester compound, a specified cyclic sulfonic acid ester compound, and a cyclic acid anhydride containing a side chain having allyl hydrogen; and an energy storage device using the same. This nonaqueous electrolytic solution is capable of improving electrochemical characteristics at high temperatures and further capable of not only improving a capacity retention rate after a high-temperature cycle test but also decreasing a rate of increase of an electrode thickness.
9971965	IMPLEMENTING A NEURAL NETWORK ALGORITHM ON A NEUROSYNAPTIC SUBSTRATE BASED ON METADATA ASSOCIATED WITH THE NEURAL NETWORK ALGORITHM. One embodiment of the invention provides a system for mapping a neural network onto a neurosynaptic substrate. The system comprises a metadata analysis unit for analyzing metadata information associated with one or more portions of an adjacency matrix representation of the neural network, and a mapping unit for mapping the one or more portions of the matrix representation onto the neurosynaptic substrate based on the metadata information.
9972856	FUEL CELL MODULE. A fuel cell module includes a fuel cell stack and FC peripheral equipment. In the fuel cell module, a stress relaxing portion for relaxing heat stress is provided at least along a boundary between a central area and one of outer annular areas or between the outer annular areas. The stress relaxing portion includes a plurality of curved portions including a first curved portion having the largest radius, and a second curved portion and a third curved portion, which are formed respectively at both ends of the first curved portion such that a space lies on the outer side of each of the second and third curved portions.
9979724	DISTRIBUTED METHOD AND SYSTEM TO IMPROVE COLLABORATIVE SERVICES ACROSS MULTIPLE DEVICES. A distributed system and method to improve collaborative service across multiple sensors on various devices. According to one embodiment, multiple devices may be used to train and then utilize a common algorithm for purposes including but not limited to recognizing a source to perform some action, control, command, calculation, storage, retrieval, encryption, decryption, alerting, alarming, notifying or as in some embodiments, to authenticate. In one embodiment of the invention, devices with one or more sensors such as but not limited to microphones, acoustic arrays or audio sensors may contribute to one or more models by sending samples, features, recognition scores, and/or risk scores to each other to improve collaborative training, signal quality, recognition, synchronization, inter-device proximity location and/or fusion of recognition scores and/or risk scores.
9991570	BATTERY PACK TEMPERATURE REGULATING APPARATUS. A battery pack temperature regulating apparatus includes an evaporator configured to cool air inside a battery casing receiving a battery used for driving a vehicle; an evaporator casing receiving the evaporator; and a heater attached to the evaporator casing and configured to heat the air inside the battery casing.
9993874	COMPOSITION AND PROCESSING OF METALLIC INTERCONNECTS FOR SOFC STACKS. A chromium-iron interconnect includes at least one of Fe rich regions in the interconnect and carbon in the interconnect.
9997815	NON-AQUEOUS MAGNESIUM-AIR BATTERY. A magnesium-air battery is described. The battery comprises: an anode compartment; a cathode compartment; and a membrane separating the anode compartment from the cathode compartment. The anode compartment comprises an anode having magnesium, a magnesium alloy or a material capable of insertion and extraction of magnesium, while the cathode compartment comprises an air electrode, a glyme ether or an ionic liquid capable of supporting the reduction of oxygen and a soluble magnesium salt.
